,time,img_sim,orientation.x,orientation.y,orientation.z,orientation.w,angular_velocity.x,angular_velocity.y,angular_velocity.z,linear_acceleration.x,linear_acceleration.y,linear_acceleration.z
0,122.159,0.7928118393234672,-0.0018620655359854236,0.00035416252940247074,-0.70645480306663,-0.707755620609919,0.0006610758719034493,-0.0005959073896519841,-0.0005942184361629187,0.00980665,1.2009682532858392e-15,9.80665
1,122.278,0.997907949790795,-0.0018620655359854236,0.00035416252940247074,-0.70645480306663,-0.707755620609919,0.0006610758719034493,-0.0005959073896519841,-0.0005942184361629187,0.00980665,1.2009682532858392e-15,9.80665
2,122.378,0.997907949790795,-0.0018620655359854236,0.00035416252940247074,-0.70645480306663,-0.707755620609919,0.0006610758719034493,-0.0005959073896519841,-0.0005942184361629187,0.00980665,1.2009682532858392e-15,9.80665
3,122.482,0.9937238493723849,-0.00186336124759437,0.00035463355516591495,-0.7064524141165578,-0.7077580014960987,0.0006301879004320993,-0.0005794254715561907,-0.0005665175248793973,0.00657715080321304,1.2009682532858392e-15,9.80665
4,122.567,0.99581589958159,-0.0018647043632865705,0.00035512181357924127,-0.7064499377658731,-0.7077604694878703,0.0005981698812239925,-0.0005623405564568926,-0.0005378031656220885,0.0032294991967875197,1.2009682532858392e-15,9.80665
5,122.673,0.9937238493723849,-0.001866592990204678,0.0003555864065369026,-0.7064466368531819,-0.7077637590670657,0.0005803823290648779,-0.0005494210974821652,-0.0005175699011433825,0.0,1.2009682532858392e-15,9.80665
6,122.761,0.9937238493723849,-0.0018687670130049336,0.000355562819582365,-0.7064432929902456,-0.7077670909414565,0.0006284171998764225,-0.000562483447592749,-0.0005449512727610536,0.0,1.2009682532858392e-15,9.80665
7,122.874,0.997907949790795,-0.0018715586559188984,0.00035553253178847007,-0.7064389991662479,-0.707771369371072,0.0006900983408048872,-0.0005792566926211135,-0.0005801114431337469,0.0,1.2009682532858392e-15,9.80665
8,122.964,1.0,-0.0018726949157701067,0.00035635770559475126,-0.7064352809152827,-0.7077750771639261,0.0006703270047998807,-0.0005674639437439697,-0.000576787060191083,0.0,1.2009682532858392e-15,9.80665
9,123.085,0.997907949790795,-0.0018736287615027166,0.00035793097534763806,-0.7064301189579889,-0.7077802260455801,0.000606114844048012,-0.0005378717307660302,-0.0005552068356380417,0.0,1.2009682532858392e-15,9.80665
10,123.177,0.997907949790795,-0.0018745756061489625,0.000359153694747505,-0.7064260784793623,-0.7077842556827696,0.000576448117322496,-0.0005361026349507641,-0.0005498187388350004,0.0009528728744939636,1.2009682532858392e-15,9.80665
11,123.281,0.99581589958159,-0.001876404440862234,0.00036062082189471816,-0.7064211404555836,-0.7077891785695928,0.0006042657177782192,-0.0006005013362044538,-0.0005790238138589902,0.005081988663967618,1.2009682532858392e-15,9.80665
12,123.377,0.9937238493723849,-0.0018780925959821768,0.0003619750931075302,-0.7064165822797878,-0.7077937227728142,0.0006299435028142686,-0.0006599462912078536,-0.0006059823446503625,0.008893480161942907,1.2009682532858392e-15,9.80665
13,123.483,0.99581589958159,-0.0018793853465566745,0.00036304277605428794,-0.7064119939733903,-0.7077982981240332,0.0006330504588572605,-0.0006458749009408633,-0.0005985502847144196,0.006639521789883216,1.2009682532858392e-15,9.80665
14,123.577,0.9895397489539749,-0.0018803913693748156,0.00036388449750878604,-0.7064080343723786,-0.7078022468441681,0.0006296018895906929,-0.0006138091104681308,-0.0005828184508247454,0.0030526536964980994,1.2009682532858392e-15,9.80665
15,123.683,0.9937238493723849,-0.0018820751342968779,0.0003647939056227806,-0.7064036133900853,-0.7078066541673097,0.0006251791415766609,-0.0005844131748566061,-0.0005651215915797168,0.0,1.2009682532858392e-15,9.80665
16,123.764,0.99581589958159,-0.0018846533496221741,0.0003653953288448782,-0.7064003387809908,-0.7078099150723526,0.0006205440865310489,-0.0005778524827605237,-0.0005517003138847344,0.0,1.2009682532858392e-15,9.80665
17,123.877,0.9895397489539749,-0.0018882501191500572,0.0003662343513645947,-0.7063957704991677,-0.7078144642361778,0.0006140778986279106,-0.000568699912305494,-0.0005329768030262995,0.0,1.2009682532858392e-15,9.80665
18,123.97,0.9895397489539749,-0.0018912161181146555,0.0003662125184402938,-0.7063916630895187,-0.7078185554528437,0.0006156712020747364,-0.0005716189260128888,-0.0005572942635044465,0.0,1.2009682532858392e-15,9.80665
19,124.077,0.99581589958159,-0.0018946309429618215,0.00036590232327313285,-0.706386798225809,-0.7078234015023506,0.0006202716641128065,-0.000579159979708493,-0.0006011706762947149,0.0,1.2009682532858392e-15,9.80665
20,124.176,0.9937238493723849,-0.0018976649865078904,0.00036583589960681765,-0.7063824998918081,-0.7078276830263092,0.0006264103285502649,-0.0005869199929293252,-0.0006266080716159182,0.0,1.2009682532858392e-15,9.80665
21,124.277,1.0,-0.0019003814379825246,0.0003664342390899924,-0.7063787271425812,-0.7078314404301995,0.0006383567559532827,-0.0005972006013616925,-0.0006067836312577117,0.0,1.2009682532858392e-15,9.80665
22,124.371,0.997907949790795,-0.001902909620543075,0.0003669911095000758,-0.7063752158710236,-0.7078349374199587,0.0006494752131402491,-0.0006067686923779547,-0.0005883331620134414,0.0,1.2009682532858392e-15,9.80665
23,124.478,1.0,-0.0019051696017693927,0.0003677473412743416,-0.7063710593526218,-0.7078390788540629,0.0006363862953148786,-0.0006073124778922649,-0.000572575695347041,0.0,1.2009682532858392e-15,9.80665
24,124.574,0.9916317991631799,-0.001906981276929921,0.0003684685969734208,-0.706367274334665,-0.7078428507483498,0.0006156436107121404,-0.0006041833010967822,-0.0005602714638225731,0.0,1.2009682532858392e-15,9.80665
25,124.673,0.9937106918238994,-0.001909115526281279,0.0003694061146105686,-0.7063633524810592,-0.7078467581803332,0.0005994688775390388,-0.0006025522947311404,-0.0005576879577711242,0.0,1.2009682532858392e-15,9.80665
26,124.771,0.9916142557651991,-0.0019121496726525996,0.0003710053430315135,-0.7063594059596481,-0.7078506873497503,0.0006015296769328417,-0.0006064671906642619,-0.0005901416065171375,0.0,1.2009682532858392e-15,9.80665
27,124.884,0.9937106918238994,-0.0019156482291827956,0.0003728493513128071,-0.7063548553788374,-0.7078552179226498,0.0006039059048052878,-0.000610981305362657,-0.0006275626504793775,0.0,1.2009682532858392e-15,9.80665
28,124.969,0.9937106918238994,-0.0019173774396537993,0.00037391110651681223,-0.7063512515697219,-0.7078588088094577,0.0006064949948340653,-0.0006039188420400027,-0.0006125058950856334,0.0,1.2009682532858392e-15,9.80665
29,125.077,0.9979035639412998,-0.0019192878944688293,0.0003751568198568987,-0.7063466151798109,-0.7078634294563552,0.0006100393077358604,-0.0005916233947500585,-0.0005796509133651846,0.0,1.2009682532858392e-15,9.80665
30,125.176,0.9894957983193278,-0.0019210691807175309,0.0003761912082748074,-0.7063424071369129,-0.707867623099211,0.0006178878049037045,-0.0005846843350188713,-0.000556984980614953,0.000984603413654805,1.2009682532858392e-15,9.80665
31,125.281,0.9894957983193278,-0.0019230527185499352,0.000376950753462442,-0.7063380758565965,-0.7078719392042454,0.0006406517481023688,-0.0005909238491267209,-0.0005563373993483771,0.005119937751004202,1.2009682532858392e-15,9.80665
32,125.369,0.9915966386554622,-0.0019247151121618551,0.0003775873246673166,-0.7063344458311884,-0.7078755565113217,0.0006597301004974378,-0.0005961531561885371,-0.0005557946645725802,0.008585741767068085,1.2009682532858392e-15,9.80665
33,125.485,0.9978991596638656,-0.0019265620850385712,0.00037764850773601194,-0.7063298835251444,-0.7078801037847843,0.0006584601116875018,-0.0005971959472515165,-0.0005546612518958271,0.00980665,1.2009682532858392e-15,9.80665
34,125.593,0.9915966386554622,-0.0019281647503337051,0.0003774413210369423,-0.7063257114888373,-0.7078842624135138,0.0006483071307425356,-0.000596180301024189,-0.0005534640756858682,0.00980665,1.2009682532858392e-15,9.80665
35,125.676,0.9936974789915967,-0.0019297889226135075,0.0003774921208961569,-0.7063223241409153,-0.7078876378391773,0.0006456590024754411,-0.0006046499940566741,-0.0005485584959387768,0.00980665,1.2009682532858392e-15,9.80665
36,125.774,0.9873417721518988,-0.0019327817707142057,0.00037812742271372646,-0.7063178286460872,-0.707892114824186,0.0006566522447392349,-0.0006399893141351658,-0.0005318489009514442,0.00980665,1.2009682532858392e-15,9.80665
37,125.877,1.0,-0.0019359273151465723,0.0003787951378893352,-0.706313103789278,-0.7078968202267972,0.0006682063667103647,-0.0006771316607482729,-0.0005142867756076158,0.00980665,1.2009682532858392e-15,9.80665
38,125.975,0.9978902953586498,-0.0019391997687250254,0.00037948789706853785,-0.7063086578724591,-0.707901246811871,0.0006755016774626535,-0.0006799161358411236,-0.0005288831496958622,0.00980665,1.2009682532858392e-15,9.80665
39,126.103,0.9936708860759493,-0.001943592436723201,0.00038041706474095156,-0.7063028719623012,-0.7079070071242289,0.000683463775896511,-0.0006697625319089099,-0.0005612092379975802,0.00980665,1.2009682532858392e-15,9.80665
40,126.191,0.9915611814345991,-0.0019451684514111337,0.0003810905485453903,-0.7062989101280562,-0.7079109552824251,0.0006764705760879486,-0.0006600527009126328,-0.0005744728058703751,0.00980665,1.2009682532858392e-15,9.80665
41,126.276,0.9978902953586498,-0.0019448555815123783,0.00038178514994023703,-0.7062951036645665,-0.7079147535212519,0.0006538708778434868,-0.0006472052205410092,-0.0005758958616215419,0.00980665,1.2009682532858392e-15,9.80665
42,126.381,0.9978902953586498,-0.001944469095166857,0.00038264318695740073,-0.7062904015626085,-0.7079194454633321,0.0006259536035415012,-0.0006313348036113545,-0.0005776537540200423,0.00980665,1.2009682532858392e-15,9.80665
43,126.481,0.9978947368421053,-0.0019452619294346174,0.000383798677878343,-0.7062854911181061,-0.7079243417335632,0.0006358714094385492,-0.000632115882122889,-0.0005800446332432326,0.00980665,1.2009682532858392e-15,9.80665
44,126.575,0.9978947368421053,-0.0019462972758202543,0.00038496937472196215,-0.7062807672919491,-0.7079290511119256,0.000654315947555006,-0.0006368220241274687,-0.0005824711429886519,0.00980665,1.2009682532858392e-15,9.80665
45,126.691,0.9957894736842106,-0.0019479782093221308,0.00038592955641373125,-0.706275436550659,-0.7079343642864665,0.000669649193296209,-0.0006283022928982969,-0.0005688545654993498,0.008276812599999942,1.2009682532858392e-15,9.80665
46,126.777,0.9936708860759493,-0.0019498147075936757,0.00038593221716054434,-0.7062722143641407,-0.7079375738335132,0.0006701440725009888,-0.000601014355197549,-0.0005344451928976922,0.004903325,1.2009682532858392e-15,9.80665
47,126.875,0.9957805907172996,-0.0019519074614379943,0.00038593524917435455,-0.7062685425702012,-0.7079412312243336,0.0006707080046180635,-0.000569918798282743,-0.000495234512491152,0.0010591182000000404,1.2009682532858392e-15,9.80665
48,126.964,0.9978902953586498,-0.001953247068629878,0.0003861667599880893,-0.7062645866380972,-0.7079451739417509,0.0006552890508502464,-0.0005798252847646744,-0.0005187600801431691,0.0,1.2009682532858392e-15,9.80665
49,127.084,1.0,-0.001954723905055316,0.0003866132286261366,-0.7062588879631173,-0.707950854720317,0.0006251452002299589,-0.0006155806971135068,-0.0005852023579747931,0.0,1.2009682532858392e-15,9.80665
50,127.18,0.9978902953586498,-0.0019556891558173083,0.0003865671405097167,-0.7062543154175622,-0.7079554136889097,0.0006227489492115404,-0.000629205359791192,-0.0006158066799875388,0.0010633716867470486,1.2009682532858392e-15,9.80665
51,127.28,0.9957805907172996,-0.001956119044029774,0.0003854456309419497,-0.7062495161307415,-0.7079602008034175,0.0006780691828717088,-0.0006035212878545521,-0.0005876585772451781,0.005001785341365374,1.2009682532858392e-15,9.80665
52,127.375,0.9978902953586498,-0.0019565274378316165,0.00038438019685257106,-0.7062449568082618,-0.7079647485621998,0.0007306234048488709,-0.0005791214195147431,-0.0005609178796399343,0.008743278313252952,1.2009682532858392e-15,9.80665
53,127.473,0.9957805907172996,-0.0019572978766215807,0.00038433836575488435,-0.7062402480191182,-0.7079694437524324,0.0006984160875435932,-0.0005848485878668723,-0.0005775423506274812,0.007021561400000081,1.2009682532858392e-15,9.80665
54,127.573,0.9978902953586498,-0.00195821952306186,0.00038470593826982853,-0.7062354410026365,-0.7079742362444262,0.00063201639684849,-0.0006026822044514107,-0.0006116613065823885,0.003098901400000303,1.2009682532858392e-15,9.80665
55,127.691,0.9957894736842106,-0.001959916021176386,0.00038553355022939283,-0.7062296797642158,-0.7079799781528,0.0005992513229924613,-0.0006251123899324657,-0.0006435425813220084,0.0015359813253012925,1.2009682532858392e-15,9.80665
56,127.772,0.9957894736842106,-0.001961927308139542,0.0003866493349343525,-0.7062256013199234,-0.707984040281405,0.0006401473544089225,-0.0006424373104124829,-0.0006537762034336584,0.004726096385542438,1.2009682532858392e-15,9.80665
57,127.88,0.9936842105263158,-0.0019646090240904163,0.0003881370478742984,-0.7062201633942002,-0.7079894564528785,0.0006946753962975303,-0.000665537204385836,-0.0006674210329158565,0.008979583132530073,1.2009682532858392e-15,9.80665
58,127.985,0.9978947368421053,-0.0019669104437588553,0.00038817759857811255,-0.7062155728749405,-0.7079940290389793,0.0007028730907477439,-0.0006637044530361893,-0.0006411267914809291,0.00980665,1.2009682532858392e-15,9.80665
59,128.083,0.991578947368421,-0.0019689870811424376,0.0003878874172971117,-0.7062114508726581,-0.7079981350542349,0.0007000672803260388,-0.0006563259894028313,-0.0006073548216372755,0.00980665,1.2009682532858392e-15,9.80665
60,128.183,0.9978947368421053,-0.0019710994840169767,0.00038758702929582385,-0.7062072939748901,-0.7080022757404837,0.0006922490074321566,-0.0006530220138903448,-0.0005897218356858837,0.00980665,1.2009682532858392e-15,9.80665
61,128.276,0.991578947368421,-0.0019730509460656946,0.0003872992009084872,-0.7062035253448444,-0.7080060294949461,0.0006751852975954165,-0.0006582991092974157,-0.0006065799043499013,0.00980665,1.2009682532858392e-15,9.80665
62,128.37,0.9957894736842106,-0.0019750233915773016,0.00038700827759225446,-0.7061997161918949,-0.7080098236123598,0.0006579381070077481,-0.0006636329476658517,-0.0006236192425694417,0.00980665,1.2009682532858392e-15,9.80665
63,128.501,0.991578947368421,-0.001977001424796481,0.00038761573174722554,-0.7061933422388696,-0.7080161753202879,0.0006502346212510017,-0.0006693559444975116,-0.0006068213731050449,0.005923216599999295,1.2009682532858392e-15,9.80665
64,128.576,0.9915611814345991,-0.00197799124480157,0.0003881509528681693,-0.7061894958600012,-0.7080200087244465,0.0006488466653972863,-0.0006723159612156454,-0.000589701300952582,0.0029812215999997418,1.2009682532858392e-15,9.80665
65,128.681,0.9936708860759493,-0.001979943256623587,0.0003889181436850225,-0.7061841793548415,-0.7080253055919089,0.0006515657769050484,-0.00067276998166926,-0.0005771248580422292,0.0,1.2009682532858392e-15,9.80665
66,128.792,0.9957805907172996,-0.0019835756137984626,0.0003897787129604335,-0.7061787486176823,-0.7080307114880658,0.0006673567648977062,-0.0006630270020104933,-0.0005953897046856605,0.0,1.2009682532858392e-15,9.80665
67,128.877,0.9915611814345991,-0.0019863571485720165,0.0003904377074506132,-0.7061745899450829,-0.7080348511382762,0.000679448962910104,-0.0006555661617312561,-0.0006093762989621646,0.0,1.2009682532858392e-15,9.80665
68,128.978,0.9936708860759493,-0.00198794882942502,0.00039124348238004617,-0.7061695100328946,-0.7080399127293439,0.0006854568864218898,-0.000637973619624968,-0.0006000228067859967,0.0029812216000008563,1.2009682532858392e-15,9.80665
69,129.096,0.9831223628691983,-0.001989149917872952,0.0003921936199645945,-0.7061635218850496,-0.7080458811179334,0.0006892629992216831,-0.0006140659232623842,-0.0005791132124140828,0.00760996040000066,1.2009682532858392e-15,9.80665
70,129.185,0.9936708860759493,-0.0019902353292968033,0.0003927632728520779,-0.7061591170502404,-0.7080502708658214,0.0006893452366376177,-0.0006012094723787969,-0.0005689866342711672,0.008517329482071134,1.2009682532858392e-15,9.80665
71,129.284,0.989451476793249,-0.001991781539337403,0.0003931194932585611,-0.7061544280444396,-0.7080549427426799,0.0006841730764247031,-0.0005966781959052668,-0.000568376491829545,0.004649367928286755,1.2009682532858392e-15,9.80665
72,129.391,0.9978902953586498,-0.00199345269564391,0.00039350449915243686,-0.7061493601290791,-0.708059992144941,0.0006785829638713503,-0.0005917807556762996,-0.0005677170449481957,0.00046884382470120493,1.2009682532858392e-15,9.80665
73,129.473,0.989451476793249,-0.001995109648391108,0.00039381389256972393,-0.7061458432340749,-0.7080634946679323,0.0006673932664590034,-0.0006195408807334445,-0.0005840643039758717,0.0027568895582338352,1.2009682532858392e-15,9.80665
74,129.574,0.9936575052854123,-0.0019972299750794227,0.00039419800305266696,-0.7061415889255444,-0.7080677312354124,0.0006521526999008547,-0.000660387258443722,-0.0006077577723246347,0.006734687349398534,1.2009682532858392e-15,9.80665
75,129.673,0.9957716701902748,-0.001999522156532667,0.0003946425621370871,-0.7061375926364533,-0.7080717099405376,0.0006462115070316983,-0.0006817335258237946,-0.0006192521355114827,0.00980665,1.2009682532858392e-15,9.80665
76,129.778,0.9978858350951374,-0.0020027956637152984,0.0003953821586646552,-0.7061340387189874,-0.7080752444432198,0.0006753552551381303,-0.0006307412260211982,-0.00058523432118818,0.00980665,1.2009682532858392e-15,9.80665
77,129.892,0.9957716701902748,-0.0020063497572278695,0.00039618514918030067,-0.7061301801800245,-0.7080790819032747,0.0007069970387965466,-0.0005753781576640861,-0.0005483006942085891,0.00980665,1.2009682532858392e-15,9.80665
78,129.974,0.9936575052854123,-0.002008163489384609,0.00039711700646728537,-0.7061266847505827,-0.7080825619947022,0.0006946008249472546,-0.0005839594702522911,-0.0005605318807423681,0.007090962307692406,1.2009682532858392e-15,9.80665
79,130.078,0.9915433403805497,-0.0020103330009827126,0.0003983612791108307,-0.7061221246956436,-0.7080871025655485,0.0006726859898592984,-0.0006033695132758189,-0.0005828788495049459,0.0031683023076921916,1.2009682532858392e-15,9.80665
80,130.178,0.9936708860759493,-0.0020122123785219393,0.0003996405896848136,-0.7061176796477296,-0.7080915292249251,0.0006576350120116491,-0.0006195470532286462,-0.0006028167141168619,0.0,1.2009682532858392e-15,9.80665
81,130.281,0.9957805907172996,-0.0020130304541549973,0.00040140653196639594,-0.7061127747451321,-0.7080964170592288,0.0006746909485963722,-0.0006227670747040933,-0.0006149732237256669,0.0,1.2009682532858392e-15,9.80665
82,130.373,1.0,-0.0020137611624874378,0.0004029838784703332,-0.706108393667084,-0.7081007828918106,0.0006899253773904899,-0.0006256432103908995,-0.0006258314653179947,0.0,1.2009682532858392e-15,9.80665
83,130.482,0.9957805907172996,-0.0020159043257417224,0.00040403171232847936,-0.7061033338973057,-0.708105821667938,0.0006897568335190556,-0.0006274930977573,-0.0006436746610858146,0.003038138627451332,1.2009682532858392e-15,9.80665
84,130.575,0.9978858350951374,-0.002018146789769812,0.0004046597351331452,-0.7060990592436915,-0.7081100774598538,0.0006837103120964386,-0.0006285667380628488,-0.0006605117399172454,0.006614681568627455,1.2009682532858392e-15,9.80665
85,130.673,0.9915433403805497,-0.002020667960468876,0.00040534563694534606,-0.7060945340909088,-0.7081145821850294,0.0006735573204386249,-0.0006301669007148221,-0.0006711447875167447,0.009206242857142277,1.2009682532858392e-15,9.80665
86,130.773,0.9978858350951374,-0.002024133506037445,0.0004061816925544782,-0.7060897998286282,-0.7081192924869883,0.0006418464282451517,-0.000634446684318614,-0.0006418541698640533,0.0052035285714282925,1.2009682532858392e-15,9.80665
87,130.873,0.9936575052854123,-0.002027599051606014,0.00040701774816361035,-0.7060850655663476,-0.7081240027889473,0.0006101355360516786,-0.0006387264679224061,-0.0006125635522113619,0.0012008142857143078,1.2009682532858392e-15,9.80665
88,130.976,0.9978858350951374,-0.0020299826619962985,0.00040815815293518897,-0.706080498961122,-0.7081285487168908,0.0006247995215638448,-0.0006418096160711832,-0.000597464827800727,0.0027855464980547067,1.2009682532858392e-15,9.80665
89,131.08,1.0,-0.0020318973258161652,0.0004094255113083293,-0.7060760165233095,-0.7081330119372332,0.000659243827450171,-0.0006443728785237107,-0.000588473046048097,0.006753996303502612,1.2009682532858392e-15,9.80665
90,131.183,0.9978858350951374,-0.0020338360212209593,0.0004104309129914214,-0.7060717903682407,-0.7081372196757332,0.0006855926392580777,-0.0006474715984740711,-0.0005767780278019859,0.00980665,1.2009682532858392e-15,9.80665
91,131.279,1.0,-0.002035780551649427,0.0004105582616947139,-0.7060685425380536,-0.7081404523383386,0.000684979874995219,-0.0006521755133356916,-0.0005568339733249759,0.00980665,1.2009682532858392e-15,9.80665
92,131.368,0.9978858350951374,-0.002037583293400819,0.0004106763245550581,-0.7060655315288176,-0.7081434492859623,0.0006844117914598603,-0.0006565364344053188,-0.000538344172820249,0.00980665,1.2009682532858392e-15,9.80665
93,131.478,0.9978902953586498,-0.002039967483364038,0.000410662068068114,-0.7060610823736196,-0.7081478784764087,0.0007021389494184445,-0.0006675344309769593,-0.0005698586406651971,0.006864654999999331,1.2009682532858392e-15,9.80665
94,131.58,0.9957716701902748,-0.0020422458187099005,0.0004105795355138208,-0.7060566419050184,-0.7081522993135406,0.0007265517131891152,-0.0006801593485288349,-0.0006226072439458328,0.0028635417999991796,1.2009682532858392e-15,9.80665
95,131.681,0.9978858350951374,-0.0020447119929636335,0.00041055630604727933,-0.7060520058563073,-0.7081569145207641,0.0007356014419346988,-0.0006819234048016319,-0.000660450603812933,0.0010983448000007848,1.2009682532858392e-15,9.80665
96,131.773,0.9957716701902748,-0.0020474575388369585,0.0004106740593107973,-0.7060472150670998,-0.7081616829949966,0.000707928659394382,-0.0006580315832979966,-0.0006607525888830423,0.0047071920000001785,1.2009682532858392e-15,9.80665
97,131.877,1.0,-0.002050561199389414,0.0004108071716956437,-0.7060417993923433,-0.7081670734441289,0.0006766463834792321,-0.000631023437250401,-0.0006610939633101224,0.008786758400000705,1.2009682532858392e-15,9.80665
98,131.975,0.9957716701902748,-0.0020535733151339068,0.0004108504998139119,-0.7060367173458955,-0.7081721314174065,0.0006816343936536993,-0.0006411177621755218,-0.0006537798825385314,0.00700475,1.2009682532858392e-15,9.80665
99,132.073,0.9978858350951374,-0.0020566170326259243,0.0004108641790106001,-0.7060316429497794,-0.7081771816309823,0.0006990682930567333,-0.0006640475319092378,-0.0006437084438013168,0.0031910527777774082,1.2009682532858392e-15,9.80665
100,132.183,1.0,-0.0020594824356475706,0.00041086540188935665,-0.7060259235509077,-0.7081828753655484,0.000714324801529367,-0.000680014828122372,-0.0006332367652982118,0.0011072024193545488,1.2009682532858392e-15,9.80665
101,132.275,0.9978858350951374,-0.002060529326640061,0.00041083181209892414,-0.7060210821311088,-0.708187698944131,0.000716522812933451,-0.0006694386472865448,-0.0006265189374736953,0.0047451532258068144,1.2009682532858392e-15,9.80665
102,132.381,0.9957716701902748,-0.0020617355271314087,0.0004107931108186433,-0.7060155039735146,-0.7081932565455415,0.0007190553043338082,-0.0006572530476278768,-0.0006187788315019714,0.008936705241935792,1.2009682532858392e-15,9.80665
103,132.478,0.989451476793249,-0.0020640037894971495,0.0004107926140663576,-0.7060109993292015,-0.7081977406787202,0.0007249794551171375,-0.000635931995930146,-0.0006482568045612494,0.006864654999999331,1.2009682532858392e-15,9.80665
104,132.573,0.9936708860759493,-0.002066559820062695,0.00041080215914563687,-0.7060067599054454,-0.7082019595257845,0.0007318176049739134,-0.0006121288402937314,-0.0006876303907483881,0.003138127999999376,1.2009682532858392e-15,9.80665
105,132.676,0.9915611814345991,-0.002069303324655455,0.0004107561086763809,-0.70600207553658,-0.7082066213848451,0.0007366834688000382,-0.000597673650365322,-0.0007104010244365798,0.0009022117999998484,1.2009682532858392e-15,9.80665
106,132.775,0.9978902953586498,-0.002071847443015086,0.0004105232932570471,-0.705997279082104,-0.7082113955339142,0.0007328415019437665,-0.0006217331155203318,-0.0006656957645900483,0.004785645200000553,1.2009682532858392e-15,9.80665
107,132.877,0.9978902953586498,-0.0020744686558704624,0.00041028342282500624,-0.7059923372805226,-0.7082163143541672,0.0007288831118494266,-0.000646521655377005,-0.0006196357998996891,0.008786758400000705,1.2009682532858392e-15,9.80665
108,132.977,0.9978902953586498,-0.002077440558310118,0.0004098832067619465,-0.7059876552417444,-0.7082209731534498,0.0007246540780179197,-0.0006367560606449817,-0.0006115851285867398,0.00980665,1.2009682532858392e-15,9.80665
109,133.099,0.9978902953586498,-0.002081238632870507,0.0004093241951458519,-0.705982012966183,-0.7082265867730085,0.0007193453758955003,-0.0006102387965656823,-0.0006176688135601578,0.00980665,1.2009682532858392e-15,9.80665
110,133.183,1.0,-0.002083124526488954,0.0004090784256061164,-0.705978041283098,-0.7082305404606638,0.0007102455185019373,-0.0006050454082348984,-0.0006252411894601244,0.00980665,1.2009682532858392e-15,9.80665
111,133.273,1.0,-0.0020837388624362382,0.0004090834111000846,-0.7059736184358182,-0.7082349473730681,0.0006899952065165936,-0.0006246766922658842,-0.0006398799813756483,0.00980665,1.2009682532858392e-15,9.80665
112,133.377,0.989451476793249,-0.0020844487617531003,0.0004090891721153368,-0.7059685075900727,-0.7082400398051798,0.0006665948460001942,-0.0006473617315905809,-0.0006567959187002551,0.00980665,1.2009682532858392e-15,9.80665
113,133.473,0.9957805907172996,-0.0020860602067306845,0.00040866724833898385,-0.7059639334904229,-0.7082445946792719,0.000666612074422871,-0.0006546867849950898,-0.0006639377192679461,0.00980665,1.2009682532858392e-15,9.80665
114,133.568,1.0,-0.0020879880325027564,0.000408100849460112,-0.7059594570757569,-0.708249051292187,0.0006741616509454083,-0.0006571914652822568,-0.0006680527840651937,0.00980665,1.2009682532858392e-15,9.80665
115,133.683,0.9957716701902748,-0.0020903269025960665,0.0004078598982337009,-0.7059538052932542,-0.7082546780170554,0.0006869613306585658,-0.0006582465805449938,-0.0006728431543739265,0.00980665,1.2009682532858392e-15,9.80665
116,133.769,0.9978858350951374,-0.0020920869595323823,0.0004086219348248497,-0.7059490851276973,-0.7082593771404821,0.0007042897442995367,-0.000654846959070388,-0.0006760207690246199,0.00980665,1.2009682532858392e-15,9.80665
117,133.881,0.9936575052854123,-0.0020943791267052586,0.0004096143545714619,-0.705942937935344,-0.708265496929131,0.0007268569806691689,-0.0006504195450569487,-0.0006801590578720336,0.00980665,1.2009682532858392e-15,9.80665
118,133.978,1.0,-0.002096381374768174,0.00041024899150207044,-0.7059374028654343,-0.7082710074698007,0.0007150850320917575,-0.0006581555040408529,-0.0006759115267522708,0.00980665,1.2009682532858392e-15,9.80665
119,134.082,0.9957716701902748,-0.002098533171329649,0.00041086280802475915,-0.7059314057993852,-0.7082769780007349,0.0006931857720752095,-0.0006698775344038484,-0.0006690373179499071,0.00980665,1.2009682532858392e-15,9.80665
120,134.193,1.0,-0.002100121902811296,0.00041133455397954146,-0.7059253496831496,-0.7082830090622223,0.0006780565297231077,-0.0006655646930448649,-0.0006696916301734771,0.00980665,1.2009682532858392e-15,9.80665
121,134.281,1.0,-0.002100385279158396,0.0004114504898796397,-0.7059210333593239,-0.7082873101193029,0.00067766320053488,-0.0006384708541445391,-0.0006814556499011833,0.00980665,1.2009682532858392e-15,9.80665
122,134.373,0.9957716701902748,-0.002100660627157637,0.00041157169559337864,-0.7059165208389607,-0.7082918066789782,0.0006772519927471876,-0.0006101454771123831,-0.0006937543977983293,0.00980665,1.2009682532858392e-15,9.80665
123,134.479,0.9957716701902748,-0.0021021268744763366,0.0004108778135568636,-0.7059117240783864,-0.7082965833566692,0.0007126418654807014,-0.0006153551912866576,-0.0006833823467604774,0.006825428399999144,1.2009682532858392e-15,9.80665
124,134.572,0.9978858350951374,-0.002103811226756215,0.0004099803566567275,-0.7059076549777484,-0.7083006342509529,0.0007561119771562569,-0.0006330328395124547,-0.0006657826935406752,0.0031773545999995633,1.2009682532858392e-15,9.80665
125,134.695,0.9936575052854123,-0.002106725238308382,0.0004087128241402551,-0.7059026068652545,-0.7083056573610199,0.0007942944252863527,-0.0006455327989533543,-0.000645100032445043,0.0,1.2009682532858392e-15,9.80665
126,134.773,1.0,-0.002109412514830438,0.00040781048205642753,-0.7058998136163552,-0.7083084336258285,0.0007948912796564401,-0.0006401532096788285,-0.0006351570179685943,0.0,1.2009682532858392e-15,9.80665
127,134.878,0.9809725158562368,-0.0021130300024562823,0.0004065957907897367,-0.7058960534736062,-0.7083121709053786,0.0007956947374623269,-0.0006329114548861986,-0.0006217721907887613,0.0,1.2009682532858392e-15,9.80665
128,134.988,0.9830866807610994,-0.0021151610477825157,0.00040604883713307727,-0.7058911559004698,-0.708317045660779,0.0007634535551972906,-0.000631049282327738,-0.0006595661525063918,0.003307798611111296,1.2009682532858392e-15,9.80665
129,135.08,0.9978858350951374,-0.0021165353532516438,0.00040576986991627725,-0.7058868239981533,-0.7083213587581687,0.0007283501631935029,-0.0006308999769057015,-0.0007039218693361906,0.0068880041666672205,1.2009682532858392e-15,9.80665
130,135.181,0.9957716701902748,-0.00211814974003916,0.00040534646562304354,-0.7058820038494563,-0.7083261577456765,0.0007057265235832168,-0.0006290683879577098,-0.0007366255252441796,0.00980665,1.2009682532858392e-15,9.80665
131,135.285,0.9957716701902748,-0.002120125856311632,0.00040456252415706564,-0.7058768490230921,-0.7083312892476976,0.0007296995477630727,-0.000622228897672387,-0.0007228019418224931,0.00980665,1.2009682532858392e-15,9.80665
132,135.38,0.9915433403805497,-0.002121930962522063,0.00040384642377948955,-0.7058721402874709,-0.7083359766774283,0.0007515979833119826,-0.0006159812863540625,-0.0007101746300430663,0.00980665,1.2009682532858392e-15,9.80665
133,135.48,0.9894291754756871,-0.0021250016824695397,0.00040246344661951187,-0.7058671930908158,-0.7083408981736575,0.0007559119150973856,-0.0006341435667127367,-0.0006703601724002518,0.006786201800000072,1.2009682532858392e-15,9.80665
134,135.577,0.9936575052854123,-0.0021283194531271647,0.00040093965788583815,-0.7058623970241026,-0.7083456683625875,0.0007546675503253936,-0.0006589287798851746,-0.0006240554978139666,0.0029812215999997418,1.2009682532858392e-15,9.80665
135,135.682,0.9873150105708245,-0.002131794759655279,0.00039992740038813173,-0.7058571745449075,-0.7083508626479093,0.0007604906072374425,-0.0006823351630009706,-0.0005981971591245369,0.0,1.2009682532858392e-15,9.80665
136,135.774,0.9873150105708245,-0.002134573210781757,0.0004005036339168603,-0.7058525277955728,-0.7083554842764954,0.000782056749565529,-0.0006949837063439205,-0.0006312588264700058,0.0,1.2009682532858392e-15,9.80665
137,135.877,0.9957716701902748,-0.002137683868021183,0.0004011487649327195,-0.7058473254566437,-0.7083606584911082,0.0008062014523893637,-0.0007091445755213525,-0.0006682735192589525,0.0,1.2009682532858392e-15,9.80665
138,135.98,0.9957716701902748,-0.0021398048229182482,0.0004008694939621268,-0.705841958085122,-0.7083660005003439,0.0008062379995408265,-0.0006929191681592789,-0.0006549811116656206,0.0,1.2009682532858392e-15,9.80665
139,136.099,0.9957716701902748,-0.002141869149065588,0.0004001862182529323,-0.7058356925655032,-0.7083722377954126,0.0007968752770466383,-0.0006623191748076358,-0.000619998322690663,0.0,1.2009682532858392e-15,9.80665
140,136.172,0.9619450317124736,-0.0021430756833736167,0.0004000537872419252,-0.7058319519763779,-0.708375961435376,0.0007898829057717649,-0.0006504266175954637,-0.0006036016146880483,0.0005203528571430568,1.2009682532858392e-15,9.80665
141,136.286,0.9640591966173362,-0.00214452872382282,0.00040191354597209154,-0.7058268526370889,-0.7083810369372985,0.0007699620997894315,-0.0006814347128668934,-0.0006144901317050116,0.005083447142857431,1.2009682532858392e-15,9.80665
142,136.375,1.0,-0.0021456631150507063,0.0004033654628754669,-0.7058228715739596,-0.7083849993905538,0.0007544098916102422,-0.0007056427872454646,-0.0006229908160428158,0.008645862857143024,1.2009682532858392e-15,9.80665
143,136.488,0.9851694915254238,-0.002147682651905859,0.00040411549110888547,-0.7058174303025158,-0.7083904143605937,0.000761719533707947,-0.0006855188766494383,-0.0006379319154657427,0.00980665,1.2009682532858392e-15,9.80665
144,136.57,0.9872881355932204,-0.002149293272241465,0.00040438582921098053,-0.705813384899777,-0.7083944400076656,0.000773802053648978,-0.0006581738926470292,-0.000649813338182866,0.00980665,1.2009682532858392e-15,9.80665
145,136.673,0.9872881355932204,-0.0021515771988391773,0.0004047475156951959,-0.7058082116491036,-0.7083995872621001,0.0007804375714622421,-0.0006359455443453061,-0.0006618971775751559,0.00980665,1.2009682532858392e-15,9.80665
146,136.774,0.9915254237288136,-0.0021549475307743333,0.0004051980542087373,-0.705802740747152,-0.7084050275518734,0.0007499159150756882,-0.0006666898727417007,-0.0006614327151328324,0.00980665,1.2009682532858392e-15,9.80665
147,136.886,0.9936575052854123,-0.0021586849285638123,0.0004056976612732584,-0.7057966740043937,-0.7084110603484538,0.0007160701178945603,-0.0007007825933396815,-0.000660917667672038,0.00980665,1.2009682532858392e-15,9.80665
148,136.975,1.0,-0.00216083446580934,0.0004062651653678001,-0.7057919810873221,-0.7084157290022182,0.0007129880129450968,-0.0007038989044981553,-0.0006621167234912075,0.00980665,1.2009682532858392e-15,9.80665
149,137.085,0.9957716701902748,-0.0021632341452914486,0.00040701999792024015,-0.7057862209530588,-0.7084214599978353,0.0007166403199673873,-0.0007002381105706384,-0.0006641026593142135,0.00980665,1.2009682532858392e-15,9.80665
150,137.179,0.9936575052854123,-0.0021650527202673954,0.00040774220022579314,-0.7057813743176343,-0.708426282641458,0.0007227218771657487,-0.0006955323517512596,-0.0006623848980501734,0.00980665,1.2009682532858392e-15,9.80665
151,137.283,1.0,-0.0021661147950085436,0.0004088571107039514,-0.7057763218103775,-0.7084313123236278,0.0007415695405774262,-0.0006838685286478434,-0.0006465053748890615,0.00980665,1.2009682532858392e-15,9.80665
152,137.389,0.9957627118644068,-0.002167197294263945,0.00040999346176822857,-0.7057711721395196,-0.7084364387304546,0.0007607796590547197,-0.0006719804012539725,-0.0006303204762825378,0.00980665,1.2009682532858392e-15,9.80665
153,137.482,0.9957716701902748,-0.00027826456539456175,8.522773001615441e-05,-0.7057678466443514,-0.708437340623496,-0.011728122950963942,0.021162223101349638,-0.00047701533462497705,0.00980665,1.2009682532858392e-15,9.80665
154,137.584,0.7293868921775899,0.002192078551247496,-0.0003396762018696424,-0.7057644508706038,-0.708437571376413,-0.028063319673362584,0.04971244315882879,-0.0002795344085565696,0.00980665,1.2009682532858392e-15,9.80665
155,137.694,0.658008658008658,0.004372712749248437,-0.0008124235094120971,-0.7057566949822225,-0.7084394730168792,-0.03162340580996823,0.05640959825307218,-0.0003388965185054919,0.008304018145161924,1.2291232106431009e-15,10.036552673790226
156,137.773,0.5303030303030303,0.005280927073302492,-0.0011716970490435385,-0.705745554170174,-0.7084430877992026,-0.015052862758298698,0.028435404254726286,-0.0007521089512832041,0.0051801256048389175,1.28765588514902e-15,10.514508232459645
157,137.886,0.5173160173160173,0.006580018448215121,-0.0016855946437061811,-0.7057296185782566,-0.7084482583106273,0.008649306416871762,-0.011578316274549208,-0.0013431596462689854,0.0007117729838710205,1.3713798372903894e-15,11.198166183467734
158,137.975,0.4805194805194805,0.005387426136876164,-0.001358738581691214,-0.7057277566787995,-0.7084575523753978,0.014753332264721326,-0.02443149892240744,-0.0011272228758316548,0.0,1.3925611206690356e-15,11.371124487799998
159,138.094,0.4090909090909091,0.003041739668517889,-0.0006737077810327525,-0.7057288905533959,-0.7084717493158811,0.01865596085786812,-0.035291197001933845,-0.0006075005349703189,0.0,1.4057093211060089e-15,11.478487691999998
160,138.183,0.33405172413793105,0.0013729844677034281,-0.00021062930149042956,-0.7057319386439274,-0.7084762428372168,0.01968903529765729,-0.038464671609352165,-0.0005927887068971943,0.0,1.4085922190819849e-15,11.502028340438253
161,138.286,0.27906976744186046,-0.00035335286116628534,0.00020735463814477577,-0.7057407340947062,-0.708466778913376,0.0163694608852682,-0.03028859051159634,-0.0014712474695258613,0.0,1.3952858736143029e-15,11.393373784063742
162,138.393,0.3138075313807531,-0.002146732416399709,0.0006415709637851927,-0.7057498711163889,-0.7084569474585122,0.01292097096171869,-0.021794991701307068,-0.0023838211355575005,0.0,1.381462776866324e-15,11.280499633266933
163,138.479,0.3389121338912134,-0.002954086986913275,0.0007442657000839887,-0.7057609080382226,-0.7084429253442847,0.010943773373961185,-0.01732645611464919,-0.0019735081191173814,0.0,1.3720918177600305e-15,11.20397994519999
164,138.579,0.3312368972746331,-0.0037733138672130357,0.0008172354004664675,-0.705774438050549,-0.7084254665319081,0.008794515192508555,-0.012575128480791732,-0.00128072740742932,0.0,1.3615232971311157e-15,11.117681425199994
165,138.677,0.2435344827586207,-0.0044980044461142635,0.0008686129105040313,-0.7057835292359076,-0.7084126729165953,0.007125630870461478,-0.008729224279522989,-0.0009704104708506797,0.0,1.3496865540267327e-15,11.021027082800012
166,138.776,0.22844827586206898,-0.004957356120544952,0.0008502553303649881,-0.7057781669278652,-0.7084148107860159,0.006966114401817307,-0.007672195881605049,-0.0019432942902204554,0.0,1.3325655506078866e-15,10.881223480399987
167,138.886,0.25225225225225223,-0.005467746869912222,0.000829858019099391,-0.7057722088078182,-0.7084171861964832,0.006788873881101617,-0.006497719883918821,-0.0030242763117420872,0.0,1.3135422134758415e-15,10.725886144400008
168,138.993,0.33710407239819007,-0.005781545585241265,0.0007900141312547114,-0.7057833323399721,-0.7084036561287617,0.004835666736135378,-0.004536971516640219,-0.0030035875279426872,0.0,1.298045722970766e-15,10.599347696613554
169,139.084,0.3786848072562358,-0.006014878181810243,0.0007524552091320804,-0.7057958992972472,-0.7083892405231221,0.0028475309240695128,-0.0027191593103942204,-0.0027891130815538424,0.0,1.2854188097419949e-15,10.49624112549801
170,139.178,0.4421768707482993,-0.006186037640037252,0.000709342704426787,-0.7058099040356707,-0.7083739161671633,0.001131763084202064,-0.0009328704890646073,-0.002342376385762965,0.0,1.2732975348627643e-15,10.397263404838716
171,139.3,0.3912037037037037,-0.006111421644519962,0.0006350582612134655,-0.7058324277386049,-0.7083521857376341,0.0003402198349395354,0.000997057620195786,-0.0008060490832692733,0.0,1.2614815568868857e-15,10.300778622580637
172,139.393,0.38676844783715014,-0.0060545422381010575,0.000578431595485291,-0.7058495974465794,-0.7083356207380751,-0.00026316969113749896,0.0024682323264349267,0.0003650856637133532,0.0,1.2524742949872426e-15,10.227228747580643
173,139.493,0.4529262086513995,-0.005879962346508531,0.0004453519919528136,-0.7058606776175586,-0.7083260914879076,-0.0006627497678420643,0.003145674554010234,-9.913483950644707e-06,0.0,1.2423944232756868e-15,10.14492034879518
174,139.583,0.3741648106904232,-0.005710224146644472,0.00031755014557175587,-0.7058698286409004,-0.7083184364831548,-0.0009946489597233328,0.0036547634129723222,-0.0005292038386033414,0.0,1.2332786401483359e-15,10.070484330722888
175,139.689,0.4525862068965517,-0.005473902646155563,0.0001683746939958339,-0.7063885603342944,-0.7078008429806603,-0.0011513724878250775,0.004005518248192515,-0.0005167636968453283,0.0,1.2211532016392574e-15,9.971472611445781
176,139.79,0.47198275862068967,-0.0051812750639316785,2.873092828251469e-05,-0.7078239224818018,-0.7063654096306374,-0.0008668322359252799,0.003878698254146247,0.0006512806537640013,0.0,1.2070261493747022e-15,9.856116475502004
177,139.901,0.4570815450643777,-0.004859674453764777,-0.00012473895284799167,-0.7094013996934192,-0.7047878541667507,-0.0005541196818571305,0.0037393218250458687,0.00193497295987943,0.0,1.1915003790641487e-15,9.729338939959812
178,139.973,0.47109207708779444,-0.004633693724791391,-0.00015527786984152604,-0.7094196869731024,-0.7047709439310013,-0.0014482447886768586,0.004180439420798498,0.001462229760363536,0.0,1.181547834110678e-15,9.648070243055528
179,140.092,0.5353319057815846,-0.004259793334434913,-0.00020414548038756803,-0.7094265181987284,-0.7047664218901667,-0.0029515706775121065,0.004921881892230657,0.0006505022756754053,0.0,1.1651012410865144e-15,9.513773619444423
180,140.182,0.5493562231759657,-0.003977884887169659,-0.00026426920307282985,-0.7094286014040032,-0.7047659871835328,-0.0019633935429684444,0.005508971697908871,0.00020810556467099365,0.0,1.152886114663324e-15,9.414029542771091
181,140.283,0.5978260869565217,-0.0036636911947117512,-0.0003893046309584988,-0.7094232775472595,-0.7047729176399176,0.004426380675510037,0.006233257297650828,0.00013783888986716112,0.0,1.1397333418652899e-15,9.306629002409645
182,140.393,0.549889135254989,-0.0033215000445100235,-0.0005254818296458792,-0.7094174792874396,-0.7047804656617228,0.011385540715438021,0.007022083198359995,6.131082819961056e-05,0.0,1.1254085398080228e-15,9.18965811686746
183,140.481,0.5426008968609866,-0.002996328487627354,-0.0007278598686365059,-0.7094165081967558,-0.7047825467966171,0.006656686593574256,0.0076065812690324615,0.0006429919721633,0.0,1.1129100073357489e-15,9.087599854183265
184,140.576,0.5990675990675991,-0.0026381745043252045,-0.0009592680468065609,-0.7094159674565672,-0.7047842457755136,0.00012664841042759993,0.008231129081719416,0.001359923162490147,0.0,1.0992735152167667e-15,8.976249445816734
185,140.701,0.655011655011655,-0.0021368836343835674,-0.0011297985406579735,-0.7094143055739554,-0.7047874241181661,-0.00516019768826664,0.007625163222663175,0.001990756212268021,0.0,1.0819811226232917e-15,8.835046344600004
186,140.783,0.6736111111111112,-0.0017753376098270908,-0.0010958334431275727,-0.7094121807158812,-0.7047905355672682,-0.00502994167245926,0.005673297186382337,0.0020643726880662052,0.0,1.071345347772193e-15,8.74819865220001
187,140.901,0.6736111111111112,-0.0012550640622944564,-0.0010469568393642993,-0.7094091229932867,-0.7047950130184154,-0.004842500088736393,0.002864514353684746,0.0021703085922636215,0.0,1.0560402083523154e-15,8.623222704599986
188,140.987,0.6572769953051644,-0.0010423234396790475,-0.0009679534006454505,-0.7094169772499406,-0.7047875120000272,-0.004846534536530574,0.002177856804337353,0.0020638728359093266,0.0,1.0524485126294904e-15,8.593894283333332
189,141.092,0.7018779342723005,-0.0007899270595755747,-0.0008695812875617904,-0.709427011701907,-0.7047778787536578,-0.004857666955056442,0.0013995312535797198,0.0019258180236720389,0.0,1.0483970534617782e-15,8.560811608634532
190,141.185,0.6919431279620853,-0.000625770111407906,-0.0007727382108919877,-0.709431704715831,-0.7047734775576592,-0.004258875609449272,0.0006913495174283146,0.0016166926398576992,0.0,1.0493984345259081e-15,8.568988505555563
191,141.273,0.7369668246445498,-0.0005775717683500312,-0.0006635809116669827,-0.7094285792725278,-0.7047767645265529,-0.002594414045147243,-1.2682531849436641e-05,0.0009871568320141662,0.0,1.058624920789246e-15,8.644328483333334
192,141.386,0.7423167848699763,-0.0005156807141961652,-0.0005234130160712284,-0.7094245659191954,-0.7047809852934279,-0.0004570940818956334,-0.0009167236860356993,0.00017877562421503073,0.0,1.070472567922851e-15,8.741071863888886
193,141.473,0.7319347319347319,-0.000494836647167907,-0.00044980218679501377,-0.7094186973499625,-0.7047869589908885,-0.00043986844465547195,-0.0013357425196448408,-0.00023409782606837,0.0,1.080992007099153e-15,8.82696960341367
194,141.581,0.7333333333333333,-0.00047825927198713624,-0.0003703224836815175,-0.7094104484408161,-0.7047953194789391,-0.0009832779823588768,-0.0017598202652166655,-0.0006739610937483484,0.0,1.0945354563169278e-15,8.937560258835333
195,141.688,0.7452380952380953,-0.0004903513598966635,-0.0002892573154623115,-0.7094068132015807,-0.7047990076165798,-0.0007103587263209111,-0.002386120964324204,-0.0008468273975264634,0.0,1.1073267650670851e-15,9.042009221255054
196,141.79,0.7547619047619047,-0.0005602428566307275,-0.00020722898656264657,-0.7094126344385326,-0.7047931188176209,0.0012103128265813431,-0.0034050876331261776,-0.00047348134939823353,0.0,1.118237585959285e-15,9.131102835020233
197,141.893,0.7571428571428571,-0.0006308195641170894,-0.00012439645836003993,-0.709418512746435,-0.7047871722853387,0.003149814492747434,-0.004434044171230179,-9.647504589618014e-05,0.0,1.129255375683762e-15,9.221069915587037
198,141.99,0.7662650602409639,-0.0007807370464668807,-6.889512675593035e-05,-0.7094090487763374,-0.7047965249683171,0.0026164721921512987,-0.004478248330330804,-0.0014145192892365062,0.0,1.1378624138087927e-15,9.291351715458015
199,142.08,0.744578313253012,-0.0009267957169143987,-1.927606668565923e-05,-0.7093990167719201,-0.7048064497937183,0.0019248037808752337,-0.0044421322451804884,-0.002776984073166612,0.0,1.1457007943932158e-15,9.35535695019084
200,142.173,0.7374701670644391,-0.0010782528654227595,3.174688251095853e-05,-0.7093914560619358,-0.704813869851342,0.0013854658742980899,-0.004357122161910599,-0.003887255415840062,0.0,1.1535250446023156e-15,9.41924680165289
201,142.291,0.7872860635696821,-0.0012760043085294675,9.385204488864896e-05,-0.7094114101855251,-0.704793422375769,0.0025481679322859087,-0.003747026443727792,-0.0021618127107067365,0.0,1.1605521976876575e-15,9.47662786115702
202,142.374,0.8054187192118226,-0.0014151006625791043,0.00013753618452719494,-0.7094254457131347,-0.7047790398293914,0.0033660007357858342,-0.003317891319921231,-0.0009481538587908941,0.0,1.1654950257053133e-15,9.51698911487603
203,142.492,0.8054187192118226,-0.0016027749777391097,0.0001411366633075935,-0.7094232012106997,-0.7047808857366059,0.0034693020962428215,-0.0024329418670313387,-0.00043044372587318624,0.0,1.171043339604555e-15,9.56229453602362
204,142.593,0.7801932367149759,-0.0017603380714182335,0.00012637524140034413,-0.7094145097689523,-0.7047892649074808,0.003234617259925404,-0.0015916582233617567,-0.0003556620919028346,0.0,1.1753412929204483e-15,9.597389988188974
205,142.676,0.7780487804878049,-0.0018930599909700724,0.00011742267023877781,-0.7094113193355573,-0.7047921468524732,0.0031610147346813337,-0.001242807426725481,-0.0001712860081375064,0.0,1.1786418193723444e-15,9.624340831927709
206,142.771,0.7371007371007371,-0.0020593653029862685,0.0001212981478527734,-0.7094252291383126,-0.7047776534691388,0.003606709373000262,-0.00236547781233055,0.0005859694832628985,0.0,1.181391023807577e-15,9.646789789759035
207,142.897,0.8108108108108109,-0.002279938664186708,0.00012643825500396782,-0.7094436779293355,-0.7047584306659797,0.004197841209086448,-0.003854493271133137,0.0015903293981729596,0.0,1.1850373370585175e-15,9.676564196987952
208,142.981,0.8132678132678133,-0.0023764235047783553,0.000144970111268418,-0.7094228948346073,-0.7047790221107055,0.0033541853781715045,-0.003557289163360256,0.0005713789917838356,0.0,1.186747264127883e-15,9.690526811111111
209,143.086,0.8230958230958231,-0.0024875055018256666,0.0001709800737188491,-0.7093906847131803,-0.7048110537644753,0.002066478929629997,-0.002942826975846464,-0.0010203528606025267,0.0,1.1887488778833598e-15,9.70687122777778
210,143.18,0.8418491484184915,-0.0025839065135813367,0.00018188446563653017,-0.7093702571261603,-0.704831273580699,0.0011428551634355389,-0.00232864858354528,-0.0020176804035293193,0.0,1.190453653680541e-15,9.72079177857143
211,143.312,0.8300970873786407,-0.0027034632163316966,0.00013286996980957616,-0.7093852581309229,-0.7048157314182416,0.001036612872908604,-0.0011331981694210644,-0.0011962151706065892,0.0,1.19239481053075e-15,9.736642527142859
212,143.383,0.8232445520581114,-0.00276777023068984,0.000106506112205686,-0.7093933268531817,-0.7048073716187381,0.0009794673984585144,-0.0004901907497027792,-0.0007543664468375746,0.0,1.1934389176244228e-15,9.74516830857143
213,143.509,0.8114143920595533,-0.0028297506747376275,8.779418609946244e-05,-0.7094175244598739,-0.7047827727837868,0.00017894077161338304,-0.0008920154282822338,-0.0013278203075750637,0.0,1.1947616493528578e-15,9.7559692328
214,143.575,0.858560794044665,-0.0028564389975924455,8.110353543682187e-05,-0.7094312939886173,-0.7047688058672507,-0.0003178485762326969,-0.0012734614219515794,-0.0017786286957561116,0.0,1.1953957605905928e-15,9.761147143999999
215,143.684,0.8233890214797136,-0.0029018282856366003,8.208138345295235e-05,-0.709446088994171,-0.7047537282536677,-0.0007998849963769467,-0.001794539633207016,-0.002031415579840578,0.0,1.1963036925900771e-15,9.7685609714
216,143.779,0.8779904306220095,-0.002944544890830027,0.00011185152561450873,-0.7094398801469262,-0.7047597950919691,-0.0004063475411385496,-0.0019868963900953433,-0.0010694667883217816,0.0,1.1967600605263256e-15,9.7722874984
217,143.879,0.8875305623471883,-0.0029895097384020526,0.00014318851736351405,-0.7094333445182472,-0.7047661812375495,7.902411743955181e-06,-0.00218937718681989,-5.688911303888388e-05,0.0,1.19724044782764e-15,9.7762101584
218,143.978,0.902200488997555,-0.002960830581762377,0.0001277123643219416,-0.7094299195499465,-0.704769750413852,-3.994034929202605e-05,-0.0013041779850608637,0.00010526785114779045,0.0,1.197716031255941e-15,9.7800935918
219,144.076,0.8707317073170732,-0.002906635216463433,9.599826092689336e-05,-0.7094276028502926,-0.7047723128835544,-0.0002487578750587835,-4.515425255532078e-05,-3.0473199207324997e-05,0.0,1.198186810811229e-15,9.7839377986
220,144.181,0.8983050847457628,-0.002836005291235101,6.467023911462728e-05,-0.7094254066052235,-0.704774814258088,-0.00044679265748710637,0.0009299753895029265,-0.0003149080416188349,0.0,1.1986912174776093e-15,9.7880565916
221,144.282,0.8242574257425742,-0.002731346664787089,4.228486670150636e-05,-0.7094241297264339,-0.7047765068245636,-0.0005621746191755046,0.0007753768162801714,-0.0009947582101450013,0.0,1.1991764086519367e-15,9.7920184782
222,144.378,0.9084158415841584,-0.0026318691584602907,2.1007681041515545e-05,-0.7094229160594655,-0.7047781156006198,-0.0006718446025624698,0.0006284316377714507,-0.001640952429734068,0.0,1.1996375804611984e-15,9.795784231799999
223,144.481,0.9148418491484185,-0.0025678421766524963,6.219236884474687e-06,-0.709425702097937,-0.704775550196504,-8.965754043316202e-05,0.0006219736989587513,-0.002078463734127559,0.0,1.1997672850325534e-15,9.79684335
224,144.581,0.848780487804878,-0.0025204093698717595,-5.36528376047766e-06,-0.7094298170746558,-0.7047715793117915,0.0007169631766154373,0.0006678557945415318,-0.002415002129040617,0.0,1.1997672850325534e-15,9.79684335
225,144.681,0.7975609756097561,-0.0024624330441193466,-1.46417829056826e-05,-0.7094312894676089,-0.7047703010027991,0.001375287057831908,0.0006833594767376703,-0.0022104126233605708,0.0,1.1997672850325534e-15,9.79684335
226,144.793,0.8581730769230769,-0.002363890064954703,-1.7674199567569278e-05,-0.7094245148037738,-0.704777452399639,0.0016398851219564799,0.0006038865661248527,-0.00025632313080122893,0.0,1.1997672850325534e-15,9.79684335
227,144.882,0.8170731707317073,-0.002285583590439939,-2.008388780781859e-05,-0.7094191313655477,-0.7047831352060563,0.0018501460836269053,0.0005407339853700225,0.001296480126679011,0.0,1.1997672850325534e-15,9.79684335
228,144.982,0.7926829268292683,-0.0022202869618871716,-3.248390715934516e-05,-0.7094236525054168,-0.7047787918975511,0.001412776911631238,0.0006256529507227221,0.001860270048491653,0.0,1.2001371832545655e-15,9.799863798199999
229,145.086,0.8446601941747572,-0.002159426534797548,-4.839089750621093e-05,-0.7094316380380107,-0.7047709420600383,0.0007486541513352847,0.0007623917390592552,0.0020797555474564677,0.0,1.2006367860479324e-15,9.8039433646
230,145.181,0.8482587064676617,-0.002103314623946872,-6.263725037516159e-05,-0.7094349121724263,-0.7047678165270423,0.00011377403326324754,0.0008698085583746504,0.002013453738298182,0.0,1.2009682532858392e-15,9.80665
231,145.284,0.8582089552238806,-0.002040986320061326,-7.726593067731936e-05,-0.7094268941797173,-0.7047760665587547,-0.0006557952594011326,0.0009359499784186424,0.0011739166004118339,0.0,1.2009682532858392e-15,9.80665
232,145.377,0.8753117206982544,-0.001984709307815132,-9.047435075597174e-05,-0.7094196546329024,-0.7047835156165144,-0.0013506490867585571,0.0009956699013710076,0.0004158879225141614,0.0,1.2009682532858392e-15,9.80665
233,145.486,0.8528678304239401,-0.0019284482438738926,-0.00011686813001030212,-0.7094124363924407,-0.7047909321639593,-0.001171596758270101,0.0007631255324337498,4.699262546509057e-05,0.0,1.2009682532858392e-15,9.80665
234,145.58,0.8734491315136477,-0.0018828205889233369,-0.00014288297888783217,-0.7094065891375756,-0.7047969363505703,-0.0007210284947295187,0.00047239332608025415,-0.0001162559085290348,0.0,1.2009682532858392e-15,9.80665
235,145.684,0.8962025316455696,-0.0018408055145114257,-0.00017403187202642164,-0.7093986371162979,-0.7048050466028161,-0.00021654538393604326,0.00014785608877179908,-0.0007372799262063,0.0,1.2009682532858392e-15,9.80665
236,145.774,0.8658227848101265,-0.0018264268763068276,-0.00020713146156499753,-0.7093879061953258,-0.704815874484973,0.0002355568694433765,-0.00014046017105998898,-0.0024180730853348,0.0,1.2009682532858392e-15,9.80665
237,145.882,0.8768844221105527,-0.0018091725104613099,-0.0002468509690112886,-0.7093750290901593,-0.704828867943561,0.0007780795734986803,-0.0004864396828581346,-0.004435024876289001,0.0,1.2009682532858392e-15,9.80665
238,145.993,0.9160493827160494,-0.0017781051777736318,-0.0002789853516882413,-0.7093732826373911,-0.7048306916967891,0.0009986132325834512,-0.00019941251957792316,-0.0039366102903577544,0.0,1.2009682532858392e-15,9.80665
239,146.084,0.863080684596577,-0.001749778540785008,-0.00030346807305440903,-0.7093743124820153,-0.7048297161641608,0.0011071890724295979,0.00017359232879243195,-0.002977024994797989,0.0,1.2009682532858392e-15,9.80665
240,146.173,0.9234567901234568,-0.001723215017222443,-0.00032637322978434533,-0.709377679951343,-0.704826383312444,0.001084867108498264,0.00048753977486728643,-0.0018689121777963023,0.0,1.2009682532858392e-15,9.80665
241,146.284,0.8641975308641975,-0.0016961098661607739,-0.000349449557496491,-0.7093943472360508,-0.7048096614776496,0.00037820112936385653,0.0006104411353239189,0.0004090722323015156,0.0,1.2009682532858392e-15,9.80665
242,146.379,0.9282178217821783,-0.0016729117639007847,-0.00036919956770058117,-0.7094086120292691,-0.7047953499974202,-0.00022660308701248524,0.0007156269843633875,0.002358698529232233,0.0,1.2009682532858392e-15,9.80665
243,146.486,0.8316831683168316,-0.001688865117735733,-0.00037112911709033715,-0.7094166199351378,-0.7047872503266343,-0.0007495675300014645,-0.0001865236631127655,0.0016277767606081319,0.0,1.2009682532858392e-15,9.80665
244,146.586,0.9007263922518159,-0.001716398831485971,-0.0003668381089905339,-0.7094216864255063,-0.7047820863209332,-0.0011908503429731866,-0.0013358302724083356,6.666107848268517e-05,0.0,1.2009682532858392e-15,9.80665
245,146.689,0.8853658536585366,-0.0017426237381498676,-0.0003460373653022349,-0.7094260960495142,-0.704777592861821,-0.0011044968953357087,-0.001976731492206491,-0.0009267877950333258,0.0,1.2009682532858392e-15,9.80665
246,146.788,0.8902439024390244,-0.0017636660256042218,-0.00029409163407150235,-0.7094287566618587,-0.7047748840611544,3.3533112611734044e-05,-0.001533792853355364,-0.0006830120959784593,0.0,1.2009682532858392e-15,9.80665
247,146.883,0.8246913580246914,-0.0017838581196260729,-0.00024424472026424345,-0.7094313097747145,-0.7047722847069794,0.0011255821101368467,-0.0011087507251649708,-0.0004490859201177741,0.0,1.2009682532858392e-15,9.80665
248,146.981,0.9135802469135802,-0.0017814621943743926,-0.00021971681270713342,-0.7094377234841805,-0.7047658433566047,0.0007615077190557874,-0.0006779858171117218,0.0006193376156074399,0.0,1.2013348138772035e-15,9.809643194377509
249,147.101,0.843520782396088,-0.0017702958957474075,-0.00019921510997860723,-0.7094469168456728,-0.704756623259756,-0.0002126553573694415,-0.00015324776539630614,0.0022207868126984244,0.0,1.2019135937583051e-15,9.814369290763052
250,147.169,0.917910447761194,-0.0017678646591896164,-0.0001865319366611943,-0.7094494646407433,-0.7047540681710482,-0.0006486955929020721,-3.287366283437453e-05,0.0026965125663801124,0.0,1.2020974505279724e-15,9.815870595219122
251,147.313,0.8980099502487562,-0.0017918698944132054,-0.00015170069238301328,-0.7094349436206933,-0.7047686325300926,-0.0007042304099726622,-0.0011021716175117695,0.00047333520606170076,0.0,1.2014084488209082e-15,9.81024446932271
252,147.385,0.8814814814814815,-0.001803872512025002,-0.00013428507024391934,-0.7094276831106682,-0.7047759147096148,-0.0007319978185079628,-0.0016368205948505726,-0.0006382534740977247,0.0,1.201063947967376e-15,9.807431406374501
253,147.491,0.8820638820638821,-0.0018146832718831962,-0.00011483784985933004,-0.709431685501265,-0.704771861449225,-0.0006910056630149412,-0.001699041843414294,-0.0007744722487404686,0.0,1.2009682532858392e-15,9.80665
254,147.58,0.8648648648648649,-0.0018224207863893804,-9.971866691087545e-05,-0.7094379146722583,-0.7047655734046308,-0.0006406013155355985,-0.0016097392886876946,-0.0005958969995844879,0.0,1.2009682532858392e-15,9.80665
255,147.685,0.895,-0.0018298599821127935,-8.215563363625206e-05,-0.7094426837396848,-0.7047607559805011,-0.0004281974597036272,-0.001621609952567941,-0.00044197042702708326,0.0,1.2009682532858392e-15,9.80665
256,147.793,0.905,-0.001833167728102818,-6.47958980732504e-05,-0.7094409548973851,-0.7047624893439768,0.00018354435590472052,-0.001935262205190519,-0.0004295799037092824,0.0,1.2009682532858392e-15,9.80665
257,147.878,0.8930348258706468,-0.001835771046706077,-5.113314323200291e-05,-0.7094395942344641,-0.7047638535652309,0.0006650078218926377,-0.002182118144754516,-0.0004198281029499048,0.0,1.2009682532858392e-15,9.80665
258,147.974,0.8532338308457711,-0.0018541220706331215,-4.889622808515826e-05,-0.7094351160203645,-0.7047683130493292,0.0008188429083675157,-0.001734169063158461,-0.0012023586090652242,0.0,1.2009682532858392e-15,9.80665
259,148.091,0.8842364532019704,-0.001884221112364997,-5.279122180913897e-05,-0.7094281820571307,-0.7047752127691442,0.0008106449188198892,-0.0008235196385066783,-0.002554298536852028,0.0,1.2009682532858392e-15,9.80665
260,148.17,0.9137931034482759,-0.0019026983377798145,-5.568212763621488e-05,-0.7094247525337031,-0.7047786156404257,0.0008409747919067281,-0.00038166663516304446,-0.0033584487326442495,0.0,1.2009682532858392e-15,9.80665
261,148.288,0.8801955990220048,-0.0019174949946745444,-6.180987121722765e-05,-0.7094283151085278,-0.7047749887722512,0.0011349997050129003,-0.0009216291033663088,-0.003805773736909051,0.0,1.2009682532858392e-15,9.80665
262,148.372,0.8833746898263027,-0.0019280282080572316,-6.617199376642249e-05,-0.7094308511787418,-0.7047724069338897,0.001344305575359633,-0.0013060091654770456,-0.004124208485707672,0.0,1.2009682532858392e-15,9.80665
263,148.493,0.9205955334987593,-0.0019622296425257776,-6.601197984333509e-05,-0.7094373721560085,-0.7047657472093785,0.0015069913049411752,-0.0010584901835436113,-0.002923386905930952,0.0,1.2013796085536968e-15,9.81000897066929
264,148.571,0.8602941176470589,-0.0019890705999350638,-6.428554850445548e-05,-0.7094422982349416,-0.7047607133451663,0.0015768924724369284,-0.0006970889391065995,-0.0017312314674372189,0.0,1.201748409828328e-15,9.813020461614173
265,148.678,0.9436274509803921,-0.0020194461097689195,-6.144346956146304e-05,-0.7094471269831716,-0.7047557676606755,0.001527571504106518,-0.00040798045683470446,-0.0003492020854226699,0.0,1.2020813458132747e-15,9.815739090243902
266,148.778,0.9117647058823529,-0.002018053271992167,-5.659804446223747e-05,-0.7094427267934919,-0.7047602014587232,0.0008104604331027578,-0.0010927560364417993,-0.0002283717598387615,0.0,1.2015931473363294e-15,9.81175264715447
267,148.888,0.9148418491484185,-0.00201652115043774,-5.126807685308838e-05,-0.7094378865848442,-0.7047650786365758,2.163825499847897e-05,-0.0018460091740097396,-9.545840169643819e-05,0.0,1.2010561290116894e-15,9.807367559756097
268,148.973,0.9170731707317074,-0.0018415668295621707,0.00015055265020997782,-0.709436189462151,-0.7047671097845926,-0.008520947761781823,-0.0017479047646702145,-0.0005504454634320212,0.0,1.2009682532858392e-15,9.80665
269,149.082,0.7955112219451371,-0.001557347523618116,0.0004774689488580538,-0.709434717004658,-0.7047691158146842,-0.022208591890374267,-0.001387775249895681,-0.0013260317427920222,0.0,1.2009682532858392e-15,9.80665
270,149.184,0.7655860349127181,-0.0006607677256159739,0.0014264067981953833,-0.7094298001721434,-0.7047673647762582,-0.040993766156861525,-0.0011226650705316765,-0.0015380539030570896,0.0,1.1991274248976067e-15,9.791618495491809
271,149.306,0.6352941176470588,0.003154385622099718,0.0053581300866383805,-0.7094085270888877,-0.7047494898126715,-0.0894565854649097,-0.0011182567715400553,0.00044286828182768935,0.0,1.1889191947446758e-15,9.7082619704918
272,149.378,0.5768321513002365,0.005405951532225948,0.007678491371620037,-0.7093959724823761,-0.7047389406538335,-0.11805759358112133,-0.001115655152463034,0.0016119371122509413,0.0,1.1828946654740967e-15,9.659067955737719
273,149.487,0.6099290780141844,0.010644297259147424,0.012985614517221845,-0.7092885612178814,-0.7046613258292737,-0.13876393860578407,-0.0008326754178852229,0.0014478688943200665,0.0,1.168100154129914e-15,9.538261602800015
274,149.588,0.5886363636363636,0.01608425297456808,0.018477970107222755,-0.7091607165182603,-0.704569662251941,-0.15071402263641215,-0.0004810856971890153,0.0006763958605007258,0.0,1.1525740365514348e-15,9.411481231600016
275,149.69,0.6295454545454545,0.021249946341262933,0.02369112138938605,-0.7090085989062972,-0.704460782050746,-0.150227242410185,-0.00017691092658789594,-0.00042002037540064276,0.0,1.1388541752258964e-15,9.299450062000007
276,149.778,0.6724890829694323,0.025140449440302796,0.027613146067690685,-0.7088376616166655,-0.7043387050613863,-0.1281434318423307,-2.3062461987424245e-06,-0.0019134545251724673,0.0,1.1303993587227647e-15,9.230411246000012
277,149.883,0.6608695652173913,0.0297825270016583,0.03229283460430531,-0.7086337023506277,-0.7041930450172639,-0.10179343059658907,0.00020602888381109367,-0.0036953929993324636,0.0,1.1203112253951618e-15,9.148035385999997
278,149.973,0.6456521739130435,0.03254488333431434,0.035025830878700405,-0.7084900312230789,-0.7040877549245296,-0.08604332250356565,0.0003276210150215854,-0.0027656500614246784,0.0,1.1181014438091162e-15,9.12999115
279,150.099,0.6652173913043479,0.03582750359134756,0.03823774322143473,-0.7083038627704145,-0.7039497499324886,-0.06727834361791854,0.0004704651783685945,-0.00028312600078093464,0.0,1.1181014438091162e-15,9.12999115
280,150.185,0.65,0.03778531575165779,0.04014133203929732,-0.7081893458657635,-0.7038647114744863,-0.05482041421532681,0.0006060450647491873,0.0005816973922774518,0.0,1.1182407561264974e-15,9.1311287214
281,150.296,0.6127659574468085,0.039595064659112646,0.04186596909844804,-0.7080733782608266,-0.7037781788283514,-0.039628684818746526,0.0008776502287946307,-0.0004066741885616162,0.0,1.1187739860309561e-15,9.135482874
282,150.378,0.6794055201698513,0.04093199628443967,0.04314002530430714,-0.707987708498621,-0.703714253810486,-0.02840596580505645,0.0010782954851164923,-0.0011368225635958918,0.0,1.1191679036180338e-15,9.1386994552
283,150.489,0.6481876332622601,0.04070657814146275,0.0428079262076736,-0.7080083045639016,-0.7037276244086903,0.01111653152108124,0.0009343843925744335,-0.0007283229203894863,0.0,1.119302412062402e-15,9.1397978
284,150.577,0.6466809421841542,0.039983566556900656,0.04199457011414632,-0.7080611566798491,-0.7037649434625637,0.04895690193771983,0.0007091636527329882,-3.087669331586543e-05,0.0,1.119302412062402e-15,9.1397978
285,150.68,0.6731182795698925,0.03805656702116715,0.0399728070213562,-0.7081749976628143,-0.7038546993845208,0.09345824489506402,0.0004152468428379047,0.0007784372371644355,0.0,-0.0009567463414624019,9.171370429268297
286,150.793,0.6430107526881721,0.03203963569164697,0.033891565379412444,-0.7084876036739607,-0.7041195600350953,0.14304175230909655,-1.6648617877886625e-05,0.0016409918089488958,0.0,-0.005461427032519626,9.320024892073185
287,150.883,0.6609442060085837,0.027247389499993536,0.02904809858494377,-0.7087365819129268,-0.70433051099573,0.1825330413999206,-0.00036063615296127473,0.0023279821758569017,0.0,-0.00904922581300783,9.438422251829298
288,150.978,0.6120689655172413,0.02066874962588023,0.022448159132396565,-0.7089646331547873,-0.7044802994999786,0.1999844949780506,-0.0006133547629318103,0.002381391999289726,0.0,-0.009806649999998824,9.598393818503967
289,151.073,0.6637554585152838,0.013710070306036534,0.01547637188747562,-0.7091839946162746,-0.7046118675156774,0.21137749955175522,-0.0008384785369702424,0.0022668651539802928,0.0,-0.009806649999998803,9.767114529133874
290,151.18,0.711453744493392,0.005661394342912951,0.0074077423757743415,-0.7093828446857862,-0.704709439905379,0.22498894913263062,-0.0009437529384102876,0.0020381373898738383,0.0,-0.008868962350596372,9.951092968326694
291,151.273,0.6169265033407573,-0.001968433053719126,-0.0002550277963018627,-0.7094107347046077,-0.7046421059360082,0.23916199945833397,-0.000589528782673567,0.001539550952620839,0.0,-0.005235422709162579,10.092801014342612
292,151.379,0.5787037037037037,-0.010664795462784194,-0.008988937884905403,-0.7094425233282107,-0.7045653596913488,0.2553162288618248,-0.00018578942237147276,0.0009712696370421153,0.0,-0.0010939689243022951,10.254317711952162
293,151.473,0.5542168674698795,-0.018383332441985683,-0.01676067800074578,-0.7093244973170567,-0.7043262155242481,0.2367716905582369,-0.00026808934726652413,0.0018672314444445222,0.0,1.27120319185752e-15,10.380161796385547
294,151.58,0.60062893081761,-0.027172546941774366,-0.025620066475357355,-0.7091195388072191,-0.7039713782752121,0.1997890969715905,-0.0005744142288596598,0.003563139054655033,0.0,1.2877177111316194e-15,10.515013079919685
295,151.699,0.5943396226415094,-0.03488974230885734,-0.033385042506858545,-0.7089144105190758,-0.7036245753019325,0.15195985586940924,-0.001002817671280385,0.003893310423241799,0.0,1.2984148173574519e-15,10.602361580999998
296,151.793,0.7464387464387464,-0.03811282481605838,-0.03660361622175006,-0.7087842308346886,-0.7034174057739749,0.10482600270211674,-0.001463695060927423,0.0019818345827516074,0.0,1.2961569970412747e-15,10.583925079
297,151.885,0.7493188010899182,-0.041267331099701626,-0.039753709644835045,-0.7086568209308203,-0.7032146441083145,0.058694997474558724,-0.0019147665486670294,0.00011102844099544675,0.0,1.2939472154552291e-15,10.565880843000004
298,151.972,0.7647058823529411,-0.04223743109238055,-0.0406757669254974,-0.7086165383101334,-0.7031527521034759,0.03238513546436965,-0.0022063499949872565,-0.0006268205996602888,0.0,1.289004030124704e-15,10.525516671599998
299,152.08,0.7754569190600522,-0.04264660323927589,-0.04100797200736469,-0.7085982111597429,-0.7031272093659335,0.006563384957609983,-0.0025150033198297213,-0.001135430569760532,0.0,1.281740574128831e-15,10.466206052399997
300,152.173,0.793733681462141,-0.04272688439803243,-0.041027692572231926,-0.708601180885692,-0.703117546964493,-0.014314616609364096,-0.0026442074486986013,-0.001379964548628804,0.0,1.2754042656244956e-15,10.414466167000002
301,152.278,0.8324873096446701,-0.04144431065515361,-0.03970559815626981,-0.7086991805329576,-0.703168886514195,-0.031035187810657127,-0.0021007005255670097,-0.0006796964434907793,0.0,1.2678381656287955e-15,10.352684272000008
302,152.374,0.8020304568527918,-0.040271671804521375,-0.038496826118818564,-0.7087887802104575,-0.7032158255310652,-0.04632256719469854,-0.0016037799101323443,-3.9451318793069876e-05,0.0,1.2609205884898689e-15,10.296197968000007
303,152.473,0.769620253164557,-0.038375743637644816,-0.036518104884449766,-0.708888669112915,-0.7033189756818768,-0.05788253410160612,-0.0014456103788688787,-0.0007238727840595922,0.0,1.2544305560491111e-15,10.243202831399996
304,152.578,0.759493670886076,-0.036017085462273675,-0.034048571924779863,-0.7089984056210574,-0.7034561085213508,-0.06801295569539041,-0.0014573181513696909,-0.002130929996259471,0.0,1.247873269386171e-15,10.189658522400002
305,152.699,0.779746835443038,-0.03299741593738823,-0.030892571589532538,-0.709129361779382,-0.7036164583984438,-0.07775429093030373,-0.001733714205387317,-0.0032028087314619046,0.0,1.2407389629324998e-15,10.131402489243026
306,152.78,0.7088607594936709,-0.030609755481762372,-0.028403252960057728,-0.709222488438985,-0.7037266179609863,-0.08192838894655943,-0.0022379841351235566,-0.0032529839642895003,0.0,1.2364757648700396e-15,10.096590835258967
307,152.909,0.6726804123711341,-0.026801027844404315,-0.02443324736616291,-0.7093704767531176,-0.7039013915769415,-0.08849053025006273,-0.0030171108650919915,-0.003310621412654407,0.0,1.2297239670452381e-15,10.041458222088359
308,152.993,0.6288659793814433,-0.024066329671772697,-0.02161925402281893,-0.7094534229550499,-0.7039876722544447,-0.08922838081557097,-0.002533324817420031,-0.0024272622451763652,0.0,1.22688794562784e-15,10.018300349799201
309,153.076,0.6192893401015228,-0.021364187429767804,-0.018838760600229203,-0.7095353817021973,-0.7040729257810252,-0.08995744744577548,-0.0020552981274584783,-0.001554419258263588,0.0,1.224085686370173e-15,9.995418166465868
310,153.174,0.6413301662707839,-0.01818377815777624,-0.015578168032961397,-0.7096233919365014,-0.7041680830960926,-0.09025104600191115,-0.001512070388998833,-0.0005958931348286523,0.0,1.2209523650205155e-15,9.969832656
311,153.297,0.6799065420560748,-0.01424822354169301,-0.011610742168872618,-0.7096849865884958,-0.704256815578,-0.08745541816949864,-0.0009484630578663607,0.00020518999965855682,0.0,1.2179979831174326e-15,9.945708297000001
312,153.378,0.7264367816091954,-0.01165651684329689,-0.008998047087643577,-0.7097255489202969,-0.7043152491636465,-0.08561439496278808,-0.0005773070105352424,0.0007327325516379068,0.0,1.2160524145471097e-15,9.929821524000005
313,153.491,0.6734234234234234,-0.0084558799320257,-0.005774481628969844,-0.7097454102770034,-0.7043691082865958,-0.07927470818161911,-0.0007657675480004696,0.00021653690026135171,0.0,1.213338226294683e-15,9.907658494999998
314,153.579,0.7013574660633484,-0.00606979792785941,-0.0033721731454157662,-0.7097514561978524,-0.7044039561403865,-0.0733701321184634,-0.0010937087552156369,-0.0005066740585025548,0.0,1.2112245221689002e-15,9.890398790999999
315,153.681,0.753393665158371,-0.0034490620717373627,-0.0007339963296876708,-0.7097528609549424,-0.7044382855603396,-0.06625881083309607,-0.0013322619197424393,-0.0011202685476746363,0.0,1.2091348374081828e-15,9.87333522
316,153.772,0.7297297297297297,-0.0015092547387239603,0.0012176147594416288,-0.7097387180128462,-0.704452254234645,-0.05917967611551398,-0.001156102693639724,-0.0010503255845978965,0.0,1.2082605325197909e-15,9.8661959788
317,153.894,0.7193763919821826,0.0010913660813608199,0.003834060395418058,-0.7097197571454205,-0.7044709814683291,-0.049688968032598535,-0.0009199331817217181,-0.0009565558978356423,0.0,1.2070883875045838e-15,9.8566246884
318,153.993,0.7082405345211581,0.002614049226652866,0.005333209885868682,-0.7096947760654947,-0.7044799032450739,-0.04244626697618594,-0.0005762834480265562,-0.001927247815501563,0.0,1.2065649529974408e-15,9.852350521289063
319,154.083,0.7697516930022573,0.003924619270897975,0.006617824556897111,-0.7096708628828334,-0.7044872271282733,-0.03591951995622422,-0.0002448145387461694,-0.0029409531591681162,0.0,1.2061427375958951e-15,9.848902870898439
320,154.171,0.7313769751693002,0.005148135715673208,0.007810704267626841,-0.7096475797916006,-0.7044945351005779,-0.0295194320114606,4.763174421932955e-05,-0.0036956973549702923,0.0,1.2057280090978416e-15,9.845516355714286
321,154.29,0.7633928571428571,0.006115039589247223,0.0086737649831546,-0.7096172661164084,-0.7045061604801156,-0.020646600957428936,6.733603362107772e-05,-0.0019098534058705925,0.0,1.2051446816605313e-15,9.840753125714286
322,154.385,0.7256637168141593,0.006886937639579411,0.009362763033365829,-0.7095930661236078,-0.7045154412452928,-0.013563248435302887,8.306634868970005e-05,-0.00048417966499269497,0.0,1.2046790000929306e-15,9.836950547142859
323,154.476,0.8070953436807096,0.007222120640340538,0.00962561472123952,-0.7095865176447638,-0.7045154840345207,-0.008142637215315246,0.0002867053005956795,0.00045514725798046743,0.0,1.2042474595711782e-15,9.833426751367188
324,154.575,0.7450110864745011,0.007446560330429546,0.009773819507065715,-0.7095851628226115,-0.7045124617501779,-0.0027187917949061894,0.0005736562870878782,0.001329175069258585,0.0,1.203783022629478e-15,9.829634335937502
325,154.679,0.8127753303964758,0.007609316413789079,0.009856375015406664,-0.7095817743394206,-0.7045130245580838,0.0028028710646031854,0.0007880323282137863,0.0020465626930970967,0.0,1.2033701897924109e-15,9.8262633
326,154.775,0.8203991130820399,0.007388841233471001,0.009561282541045536,-0.7095686691584209,-0.704532520255348,0.0070056726461365775,0.0005438833136768136,0.0016894067759763212,0.0,1.2033701897924109e-15,9.8262633
327,154.885,0.7427937915742794,0.007136213422689914,0.0092231557475068,-0.709553652805192,-0.7045548590751297,0.011821382791642758,0.0002641292345199139,0.0012801656209421699,0.0,1.2033701897924109e-15,9.8262633
328,154.972,0.7792494481236203,0.006699674622225827,0.008733144824072897,-0.7095513520842578,-0.7045670963420936,0.015216565299779092,0.00038620508858002106,0.00036664394196125796,0.0,1.2030579380465566e-15,9.823713571
329,155.079,0.8129175946547884,0.006064237445319094,0.008037833202139166,-0.7095525085891675,-0.7045798861393523,0.019220078088343032,0.0006792643759399571,-0.0010024185031652071,0.0,1.2025439236341502e-15,9.8195163248
330,155.182,0.7394209354120267,0.0054132238076443975,0.007324945904894525,-0.7095508706178507,-0.704594851252714,0.022071985527873098,0.0008562090573832724,-0.0018636583408807718,0.0,1.202169221539125e-15,9.81645665
331,155.29,0.7566371681415929,0.004601937520276812,0.006434919548337022,-0.7095401525640573,-0.7046192234388456,0.02178452782332902,0.0006977198245004092,-0.001272819285513935,0.0,1.202169221539125e-15,9.81645665
332,155.385,0.7461024498886414,0.0038883060637961006,0.005652025993957776,-0.7095307246463688,-0.7046406619359059,0.021531671509146744,0.0005583079992793789,-0.0007530997460709105,0.0,1.202169221539125e-15,9.81645665
333,155.477,0.7305122494432071,0.0031381865183851133,0.004875848289441328,-0.709522180449012,-0.7046579831652304,0.021597299059052534,6.0829799388567856e-05,-0.0008564763139076655,0.0,1.2018315999418157e-15,9.813699760441766
334,155.578,0.7108167770419426,0.0022943206624576945,0.0040175271470347775,-0.7095130025932928,-0.7046758118652157,0.021776478468294596,-0.0006103777573499759,-0.0011792905973719223,0.0,1.2013444602085552e-15,9.809721962650602
335,155.68,0.7527839643652561,0.0014492889797593674,0.003161203885035921,-0.7095064791169996,-0.7046898288662399,0.02207170741491584,-0.0010719743823499014,-0.0011539789838753438,0.0,1.2009682532858392e-15,9.80665
336,155.789,0.7483296213808464,0.0005712335805307506,0.0022825667403972563,-0.7095090423095798,-0.7046909565712736,0.022784080408305624,-0.0008141817244427015,9.322505531459573e-05,0.0,1.2009682532858392e-15,9.80665
337,155.879,0.7377777777777778,-0.00015376629039211818,0.0015570865292275592,-0.709511158707123,-0.7046918877038701,0.02337227829275603,-0.0006013254014000132,0.0011230265555633937,0.0,1.2009682532858392e-15,9.80665
338,155.993,0.7377777777777778,-0.0009815421189334642,0.0007255871387343671,-0.7094995671563692,-0.704703825958795,0.022376390069723345,-0.00047341341245920584,0.0005079149054365076,0.0,1.2013813863649693e-15,9.810023487599999
339,156.087,0.7555555555555555,-0.0016397829263223676,6.343973204533818e-05,-0.7094861776372852,-0.7047165581158583,0.021087843403220473,-0.00040598478401081327,-0.0005146021628750002,0.0,1.2018329504282048e-15,9.813710787999998
340,156.171,0.7635135135135135,-0.0022056218852191632,-0.0005049659824072311,-0.7094753684345567,-0.7047264644450937,0.019680255226791496,-0.00034107032837348147,-0.0012318632910028682,0.0,1.202101967316941e-15,9.8159074776
341,156.286,0.7882882882882883,-0.0028271117379492995,-0.0011236431475932093,-0.7094684825281224,-0.7047299549881602,0.01599999115243584,-0.00022030679765158392,-0.0008688924666494425,0.0,1.2015495219204295e-15,9.8113964186
342,156.379,0.7959641255605381,-0.0033297078797222684,-0.0016239646811782946,-0.7094629139255277,-0.7047327777751619,0.013023777596653147,-0.00012264585541563354,-0.0005753595391289031,0.0,1.2011027617302073e-15,9.8077483448
343,156.484,0.7755102040816326,-0.003761513222730809,-0.002048220259679299,-0.7094573663515467,-0.70473509642588,0.010693531179800663,-0.0005360489094164119,-0.0004838106955867261,0.0,1.2009682532858392e-15,9.80665
344,156.588,0.800453514739229,-0.004140351557144183,-0.002417786472423387,-0.7094521379805386,-0.7047370802317725,0.008756454030052142,-0.0011341250163967684,-0.00047952462802641153,0.0,1.2009682532858392e-15,9.80665
345,156.679,0.7857142857142857,-0.004438230488389868,-0.0026994919102838666,-0.709448702315184,-0.7047379069804617,0.007200425399100906,-0.0015748721747528074,-0.00011899675327706888,0.0,1.2009682532858392e-15,9.80665
346,156.781,0.7566964285714286,-0.004653980272066477,-0.0028687769974911352,-0.7094488560464218,-0.7047356378039853,0.005944654972004513,-0.0017786248910603582,0.0015393574214839255,0.0,1.2009682532858392e-15,9.80665
347,156.89,0.7727272727272727,-0.004884536413446333,-0.0030496796887223925,-0.7094490203278427,-0.7047332128997116,0.004602704221480228,-0.00199636063691838,0.0033115202160810733,0.0,1.2009682532858392e-15,9.80665
348,156.993,0.8181818181818182,-0.004975251137573341,-0.003076549092756125,-0.7094421740396673,-0.7047393682416124,0.0031550845789420647,-0.0017462631082719232,0.003148607495964466,0.0,1.2009682532858392e-15,9.80665
349,157.074,0.8378378378378378,-0.005028200577633323,-0.0030768422574063183,-0.709435777457676,-0.7047454304782023,0.0019906992946131315,-0.0014836566960550295,0.002754736422705801,0.0,1.2009682532858392e-15,9.80665
350,157.171,0.8783783783783784,-0.00506729379279121,-0.0030635051745982658,-0.7094291049743818,-0.704751924773654,0.00063500313367716,-0.0010980478348211985,0.002118691422976859,0.0,1.2009682532858392e-15,9.80665
351,157.297,0.843400447427293,-0.004930821226436734,-0.0029407677997738413,-0.7094280433253206,-0.7047544661397241,-0.0008280424703842307,-4.938277415942574e-05,2.6652989909279386e-05,0.0,1.2009682532858392e-15,9.80665
352,157.376,0.8526785714285714,-0.004845255093563685,-0.0028638134139712217,-0.7094273776882107,-0.704756059535911,-0.0017453488411846817,0.0006081135733983917,-0.0012850219006649167,0.0,1.2009682532858392e-15,9.80665
353,157.479,0.8169642857142857,-0.0046738449079560184,-0.002730090115077653,-0.7094291602156211,-0.7047559116047138,-0.0027516291700303798,8.631585258987555e-05,-0.002273757138289529,0.0,1.2009682532858392e-15,9.80665
354,157.593,0.7911111111111111,-0.004455608371737849,-0.002566173935329277,-0.7094323961163602,-0.7047546873904935,-0.003774976555257844,-0.0011483716238287758,-0.0030243004728107235,0.0,1.2009682532858392e-15,9.80665
355,157.68,0.7505668934240363,-0.004286404991098704,-0.0024116596032366148,-0.7094335570956971,-0.7047551196179637,-0.0045458833947777414,-0.0020311146313324257,-0.0034809724157676037,0.0,1.2009682532858392e-15,9.80665
356,157.778,0.7755102040816326,-0.004087487899817456,-0.002145392692955588,-0.7094307633854433,-0.704759889685426,-0.005382701247930364,-0.002838912124745391,-0.0036314419629051983,0.0,1.2009682532858392e-15,9.80665
357,157.882,0.7522522522522522,-0.0038763922111107662,-0.0018628237269429902,-0.7094277986317047,-0.7047649517978352,-0.006270752847194623,-0.0036961666075512305,-0.0037911239312961604,0.0,1.2009682532858392e-15,9.80665
358,157.983,0.7539503386004515,-0.0036548064101642698,-0.0015857786423527087,-0.7094304110893948,-0.7047641126350302,-0.0070242000698682505,-0.0029966902802698757,-0.0032623687931787374,0.0,1.2009682532858392e-15,9.80665
359,158.084,0.7426636568848759,-0.0034277668556149665,-0.0013078693648533907,-0.7094348300239554,-0.7047613802969818,-0.007741796140063309,-0.0017932658229256136,-0.002508669281415947,0.0,1.2009682532858392e-15,9.80665
360,158.173,0.7725225225225225,-0.003228597482749784,-0.0010734258383371948,-0.7094409293381035,-0.7047566610317828,-0.008067406314824308,-0.0009270669168992236,-0.0015499848440023406,0.0,1.2009682532858392e-15,9.80665
361,158.29,0.7522522522522522,-0.002971409969269708,-0.0008193957037634638,-0.7094603834117521,-0.7047384706991714,-0.006904955753790622,-0.0007955897412362799,0.0012375795964281277,0.0,1.2009682532858392e-15,9.80665
362,158.383,0.7866666666666666,-0.0027669788688111296,-0.0006174743147432635,-0.7094758469061908,-0.7047240117168392,-0.005980956589891798,-0.0006910822426323729,0.0034533359465144927,0.0,1.2009682532858392e-15,9.80665
363,158.476,0.7907488986784141,-0.0026199235403260453,-0.0004402808825442849,-0.7094692660487084,-0.7047313230612425,-0.004624727237504163,-0.0010426942862103985,0.0026458107943183266,0.0,1.2009682532858392e-15,9.80665
364,158.573,0.7755555555555556,-0.00248735839829758,-0.000264437192622465,-0.7094544047536482,-0.7047468468494197,-0.0030533582279459156,-0.00157490337174384,0.0007067481200211385,0.0,1.2009682532858392e-15,9.80665
365,158.68,0.7777777777777778,-0.0023412298946680126,-7.922145575526682e-05,-0.7094417029794503,-0.7047602159913656,-0.0016143262274563445,-0.001957027361728264,-0.0009739092250820244,0.0,1.2009682532858392e-15,9.80665
366,158.773,0.8173719376391982,-0.002214548432670692,5.396557096361245e-05,-0.709442381478765,-0.7047599162138012,-0.001297888319008102,-0.0016385706774890922,-0.000979849296156316,0.0,1.2009682532858392e-15,9.80665
367,158.875,0.8187919463087249,-0.002075607474351029,0.00020004166478434105,-0.7094431256393037,-0.7047595874255046,-0.0009508273871615893,-0.0012892956044525277,-0.000986364212818443,0.0,1.2009682532858392e-15,9.80665
368,158.992,0.814317673378076,-0.0019588667217199764,0.0003130791229516726,-0.7094308456458112,-0.704772247107307,-0.0010886129713616672,-0.0007897899916862149,-0.001994922601151969,0.0,1.2009682532858392e-15,9.80665
369,159.08,0.8017817371937639,-0.0018831334740857936,0.0003826608927683938,-0.7094178905388139,-0.7047854603912402,-0.0013439863263629429,-0.00038609866821206313,-0.0030369611349888356,0.0,1.2009682532858392e-15,9.80665
370,159.175,0.9066666666666666,-0.0018055258627359145,0.0004503617331422726,-0.7094064538573397,-0.7047971468580223,-0.0015307471528649317,3.344961628318036e-05,-0.003942152703180909,0.0,1.2009682532858392e-15,9.80665
371,159.3,0.8388520971302428,-0.0017267687816943382,0.0004977005649774416,-0.7094057527264259,-0.7047980138256652,-0.0012759495200589286,0.0004939938972238472,-0.0038963738912716505,0.0,1.2009682532858392e-15,9.80665
372,159.369,0.9140969162995595,-0.0016832948729593954,0.0005238316001504505,-0.7094053657021615,-0.704798492391804,-0.0011353012267500385,0.0007482143403030525,-0.003871103987097744,0.0,1.2009682532858392e-15,9.80665
373,159.473,0.9004424778761062,-0.0016501420617358385,0.0005372888197174867,-0.7094039503971872,-0.7047999881282347,-0.0006264735269360081,0.0004358078702352766,-0.0033932240717112843,0.0,1.2009682532858392e-15,9.80665
374,159.57,0.9026548672566371,-0.0016366051847217455,0.0005359164382757696,-0.709402183584549,-0.7048017990569002,7.5085076967971835e-06,-0.00022910057450632694,-0.002711338826455299,0.0,1.2009682532858392e-15,9.80665
375,159.685,0.9111111111111111,-0.001634211164685545,0.0005295294692688727,-0.7094021843880225,-0.7048018081196291,0.0006243255157747106,-0.0009050259700107905,-0.0020187487417602135,0.0,1.2009682532858392e-15,9.80665
376,159.771,0.8688888888888889,-0.001664149308528516,0.0005136929679770437,-0.7094070540473508,-0.7047968472334027,0.0007723497787575597,-0.0011494017674112352,-0.0017699560018783575,0.0,1.2009682532858392e-15,9.80665
377,159.875,0.8849557522123894,-0.0017003535755014225,0.0004945418501357562,-0.7094129429377014,-0.7047908480221521,0.000951355864225247,-0.0014449259875234928,-0.0014690903629513683,0.0,1.2009682532858392e-15,9.80665
378,159.974,0.8466666666666667,-0.0017204179739238282,0.00046026745876331167,-0.7094207154820795,-0.7047829978294525,0.0007792331906425398,-0.0011721343982444947,-0.0009247998024748507,0.0,1.2009682532858392e-15,9.80665
379,160.073,0.8866666666666667,-0.0017332827329501505,0.0004179710672156315,-0.7094295714133356,-0.7047740779342194,0.0004358491684352963,-0.0006222888518687156,-0.0002515644341338065,0.0,1.2009682532858392e-15,9.80665
380,160.193,0.8171806167400881,-0.0017620726635053108,0.0003620590151627295,-0.7094389472261037,-0.7047645988745399,8.037243969736559e-05,-0.00011243608443894706,0.0003218315865119781,0.0,1.2009682532858392e-15,9.80665
381,160.278,0.8425720620842572,-0.0018146620183569807,0.0003111248801680614,-0.709442273573976,-0.7047611366540435,-2.3213784313860612e-05,-0.00013343047507781723,0.00013597372156633664,0.0,1.2009682532858392e-15,9.80665
382,160.385,0.811529933481153,-0.0018808627356408632,0.00024700779258652304,-0.7094464608589449,-0.7047567783294186,-0.00015361056042214065,-0.00015985870799969527,-9.798853195352563e-05,0.0,1.2009682532858392e-15,9.80665
383,160.475,0.8480176211453745,-0.0019307946926710885,0.00019282641338914862,-0.7094422924445954,-0.7047608535072245,0.00014870975827496557,-0.00026878952602630153,-0.00010257907776958338,0.0,1.2009682532858392e-15,9.80665
384,160.573,0.8524229074889867,-0.00198288792608475,0.0001337294787712043,-0.709434708405072,-0.7047683560693868,0.0006410382883322977,-0.0004217333597837127,-3.147418441761408e-05,0.0,1.2009682532858392e-15,9.80665
385,160.681,0.8584070796460177,-0.0020394529455441293,7.381163583413959e-05,-0.7094293813849839,-0.704773570609837,0.0010526087033039175,-0.0006126723362622765,0.0002142637995891963,0.0,1.2009682532858392e-15,9.80665
386,160.774,0.8827433628318584,-0.002085618442111001,3.791624157688708e-05,-0.709433929027703,-0.7047688577297564,0.0010122100150572553,-0.0008445688508510382,0.0009303286632678876,0.0,1.2009682532858392e-15,9.80665
387,160.873,0.8410596026490066,-0.00213476235781122,-2.949845679304472e-07,-0.7094387700667266,-0.7047638407928963,0.0009692049598269372,-0.0010914264308971417,0.0016925912600871465,0.0,1.2009682532858392e-15,9.80665
388,160.978,0.8616071428571429,-0.0021712740662235917,-4.635175639734196e-05,-0.7094374223948059,-0.7047650838491882,0.0015787417301910064,-0.0009785924316383279,0.001504477006383099,0.0,1.2009682532858392e-15,9.80665
389,161.079,0.8816964285714286,-0.0021988868844652894,-9.33135135546654e-05,-0.709433008477853,-0.704769436546398,0.0024801531352570266,-0.0006898667889180932,0.0008442240911534567,0.0,1.2009682532858392e-15,9.80665
390,161.17,0.8871681415929203,-0.0022238801900684815,-0.00013125188984930785,-0.7094303171048983,-0.7047720638769326,0.003123327126726506,-0.0004816818353720015,0.000407659579999748,0.0,1.2009682532858392e-15,9.80665
391,161.282,0.8466666666666667,-0.0022555683560592727,-0.0001425070757545102,-0.7094374206744822,-0.7047648095024245,0.002545683627948043,-0.0006464147497900177,0.0011531216623263145,0.0,1.2009682532858392e-15,9.80665
392,161.375,0.8444444444444444,-0.00228188085103376,-0.000151852899765077,-0.709443319174226,-0.7047587857807346,0.0020660332227125096,-0.0007832019019406477,0.0017721214271151392,0.0,1.2009682532858392e-15,9.80665
393,161.48,0.9356984478935698,-0.002091762416005134,4.612815100883089e-05,-0.7093344020882544,-0.704868830571465,-0.004641621969640503,-0.0013915989790111993,0.0002469899430870349,0.0,1.2009682532858392e-15,9.80665
394,161.579,0.7250554323725056,-0.0018175116166636693,0.00032291195350556763,-0.709181763197991,-0.7050230811519631,-0.013630624879153461,-0.0021614060672001663,-0.0021520778294657717,0.0,1.2009682532858392e-15,9.80665
395,161.681,0.7073170731707317,-0.0012129468708480633,0.0009713954733912547,-0.7090385399289378,-0.7051657018943523,-0.025178543056354412,-0.0029178937451997625,-0.0039321395445120035,0.0,1.1787816911769226e-15,9.625482971887374
396,161.775,0.6971046770601337,0.0003634664311489321,0.0027190419901729187,-0.7089509952022303,-0.7052455279013333,-0.043058468814357216,-0.0034990474099226496,-0.003383073686476169,0.0,1.088106176471018e-15,8.885061204819218
397,161.889,0.7104677060133631,0.0022752868186773955,0.004838528191376427,-0.7088448239379255,-0.7053423381651187,-0.06474263409534152,-0.004203850790544094,-0.0027171853054539204,0.0,9.781379990617185e-16,7.987102891566257
398,161.993,0.6904231625835189,0.005028843773640713,0.007675909152995012,-0.7087470154066496,-0.7053861423047957,-0.07634114235521673,-0.0025781199295561857,-0.0023147030347008854,0.0,9.628157739682477e-16,7.861987428853753
399,162.08,0.5504385964912281,0.007509042381603374,0.010207735854979708,-0.7086650283795901,-0.7054149922215878,-0.08461088961056679,-0.0008209064683834125,-0.00201390356951842,0.0,9.648806798582852e-16,7.878848665019765
400,162.19,0.5140388768898488,0.010797753922555199,0.013494903389313926,-0.7085337613406779,-0.7054552522571619,-0.09191281420569264,0.001112890061772182,-0.001955247333934247,0.0,9.720094669336037e-16,7.9370596290322615
401,162.291,0.5421940928270043,0.01419158670340309,0.016723708512749253,-0.7083456432210304,-0.7055014812245604,-0.09089459719196437,0.0021833825308169167,-0.002688981945656519,0.0,9.896172111632304e-16,8.0808377717742
402,162.37,0.4906054279749478,0.01684616877951212,0.01924920954989201,-0.7081985013254645,-0.7055376405158919,-0.0900981700228105,0.003020698422446055,-0.0032628931766076645,0.0,1.0033896051646232e-15,8.19329790322583
403,162.495,0.4579646017699115,0.020895278878361345,0.022929437053464077,-0.7078353628599134,-0.7056776257454754,-0.08548288882137736,0.004114252116800505,-0.005765261319297861,0.0,1.0267989175653392e-15,8.384449445180737
404,162.574,0.4198645598194131,0.02341258438315421,0.025168160425542263,-0.707569885311097,-0.7057889450565847,-0.0816398660341894,0.0047415249670546,-0.0077868527732791945,0.0,1.042040121101015e-15,8.50890331666668
405,162.686,0.3458646616541353,0.026827935332642716,0.02814233138880203,-0.7071320676551157,-0.7060061341503845,-0.07574265410483132,0.005515206051187898,-0.01052848457288832,0.0,1.0631464656735817e-15,8.681249699209483
406,162.778,0.46285714285714286,0.029272555963933047,0.03011587258993026,-0.706627976794832,-0.7063241158501254,-0.06984321530098579,0.005878915625583816,-0.01248802520010756,0.0,1.0793049476268803e-15,8.813193717391286
407,162.886,0.42,0.03214232800936141,0.032432638347776925,-0.7060362179588469,-0.7066973987150387,-0.06291778713994832,0.0063058790390052005,-0.014788355501626271,0.0,1.0982736003546694e-15,8.96808452134387
408,162.975,0.2926829268292683,0.034111713942168435,0.033854837030407425,-0.7053776455519992,-0.7071944871559139,-0.055080488744762617,0.007607858581092932,-0.01759363739420811,0.0,1.1113024138590625e-15,9.074472857258064
409,163.078,0.1105121293800539,0.03622188098208982,0.03529265657345385,-0.7045424416187773,-0.7078507345311604,-0.04510008291371283,0.009520645884256444,-0.021228899398158127,0.0,1.1252685124174365e-15,9.188514706451626
410,163.182,0.21614583333333334,0.03803710826205122,0.03638117761723596,-0.7036285259765754,-0.7086147805539803,-0.032139073226200056,0.011345629943942883,-0.025006813980431215,0.0,-0.0009376876494012696,9.295844652988048
411,163.285,0.295,0.038793568538816325,0.03626001528664741,-0.7024903177895316,-0.7097063201510944,-0.009782759420779948,0.012801895522887349,-0.029102824049523437,0.0,-0.004961930478086779,9.376329509561758
412,163.379,0.26823529411764707,0.039483930344796025,0.036149439955819034,-0.7014515646867927,-0.7107024825018584,0.010620090071542208,0.014130914594933557,-0.03284093032617016,0.0,-0.008634540438245832,9.44978170876494
413,163.497,0.08550185873605948,0.039213947555987366,0.03476097973238923,-0.699836886676441,-0.7123708282823737,0.02357012225735686,0.014843212741036615,-0.03808718066542451,0.0,-0.006326870967740154,9.518461027419363
414,163.573,0.44140625,0.03879049712551327,0.033592332720555264,-0.6987287021223181,-0.7135371015048418,0.029130631577103605,0.015092063620085684,-0.041587704131680295,0.0,-0.003321607258063219,9.557529455645163
415,163.679,0.32421875,0.034839439591902825,0.029293574336421074,-0.6950344644593539,-0.7172921413899563,0.030757209620035426,0.009704789599457371,-0.0380467342813911,0.0008595470119519347,1.1765900331643596e-15,9.607586726095615
416,163.773,0.2112676056338028,0.019957387904643693,0.016445073684016983,-0.6844833827459174,-0.7278286913747981,0.01144769523604532,-0.014488758333768519,-0.006385955633040237,0.004532156972111412,1.1801881531901404e-15,9.636967605776892
417,163.893,0.28354430379746837,0.0009590240485662926,4.273242562712748e-05,-0.6710139167287629,-0.7412796062490655,-0.013202748658412616,-0.045374138674060004,0.03403205966273089,0.009220595219123984,1.1847814979039033e-15,9.674475111752992
418,163.979,0.5822784810126582,-0.0014411823363850412,-0.00200730765174125,-0.6692868695776766,-0.7429999795814822,-0.011408420274286589,-0.03555327388749669,0.027757825039553208,-0.1316669741036355,-0.14424761673311737,9.695807505776898
419,164.091,0.9903846153846154,-0.001481267141028933,-0.0020069092157978252,-0.6692184645539909,-0.7430615148630472,-0.0037172795201461523,-0.013971130495128783,0.009890691350318972,-0.3548366346613898,-0.3717931529880825,9.722062759960163
420,164.171,0.9807692307692307,-0.0015188758498936431,-0.0019976708140350846,-0.6691359704530249,-0.7431357146269951,0.0009512178430120539,-0.0008701579245536715,-0.0009572186804634619,-0.46670201807228784,-0.4853700987951781,9.74131171746988
421,164.279,0.9879807692307693,-0.001638319404300525,-0.0019167023660041328,-0.6687673081380415,-0.7434672661425472,0.0009411035620338131,-0.0008924026119365675,-0.0009572855842086564,-0.25402768072287807,-0.264188787951792,9.771086124698797
422,164.377,0.9903846153846154,-0.0017467033703364098,-0.001843230996494558,-0.6684327812225936,-0.7437681184436964,0.0009319257885535568,-0.0009125876060432714,-0.0009573462931626292,-0.0610454116465432,-0.0634872281124037,9.798103642369483
423,164.481,1.0,-0.001694932574802886,-0.0017196140949580813,-0.6682701790871538,-0.7439147002590513,0.0009296784305479378,-0.0009134083301760252,-0.0009552297336049375,0.0,1.2009682532858392e-15,9.80665
424,164.577,0.9951923076923077,-0.0015817636724682685,-0.0015876128349643986,-0.6681955063460515,-0.7439823135202535,0.0009305408725049347,-0.0009060908616520457,-0.0009524210584349926,0.0,1.2009682532858392e-15,9.80665
425,164.681,0.9927884615384616,-0.0014261097812514763,-0.001441082154681242,-0.6681611255058757,-0.7440138018844868,0.0009302287197206159,-0.0008974962723441398,-0.0009558797241188647,0.0,1.2009682532858392e-15,9.80665
426,164.773,0.9711538461538461,-0.0011854392617638725,-0.0013004636860273902,-0.6682756226463927,-0.7439115605848634,0.000926069366978481,-0.0008878143713809541,-0.0009791936655528866,0.0,1.2009682532858392e-15,9.80665
427,164.886,0.9760191846522782,-0.0008898330802192668,-0.0011277475234416528,-0.6684162550037669,-0.7437859815972826,0.0009209605967625972,-0.0008759224712848655,-0.0010078292675316355,0.0,1.2009682532858392e-15,9.80665
428,164.973,0.988009592326139,-0.0006524478334135321,-0.0010027541017278803,-0.6685476853459693,-0.7436681987301776,0.0009092873637564437,-0.0008844983356539205,-0.0010156425670720646,0.0,1.2009682532858392e-15,9.80665
429,165.082,0.9808153477218226,-0.0003508807181567238,-0.00084953822461863,-0.6687221701835355,-0.7435116850253564,0.0008913801643066098,-0.0009027618751861167,-0.001019395900890231,0.0,1.2009682532858392e-15,9.80665
430,165.178,0.9928057553956835,-0.00014061373871159023,-0.0007427088057167574,-0.668843829336334,-0.7434025562036461,0.0008788944105617702,-0.0009154960862360896,-0.0010220129042863844,0.0,1.2009682532858392e-15,9.80665
